nct,drug_query,drug,chembl,drug_type,max_stage,targets,n_targets,moa,phase,n,cond,why,sponsor
NCT00418574,abagovomab,ABAGOVOMAB,CHEMBL1742981,Antibody,PHASE_2_3,MUC16,1,Mucin-16 other,PHASE2/PHASE3,888,Ovarian Cancer,No benefit on primary end point (RFS); no rationale to collect survival data,Menarini Group
NCT00430677,abatacept,ABATACEPT,CHEMBL1201823,Protein,APPROVAL,CD80;CD86,2,T-lymphocyte activation antigen CD80 inhibitor; T-lymphocyte activation antigen CD86 inhibitor,PHASE2/PHASE3,423,Systemic Lupus Erythematosus,Terminated due to failure to meet the primary efficacy endpoint in the Short-term Period,Bristol-Myers Squibb
NCT00534313,abatacept,ABATACEPT,CHEMBL1201823,Protein,APPROVAL,CD80;CD86,2,T-lymphocyte activation antigen CD80 inhibitor; T-lymphocyte activation antigen CD86 inhibitor,PHASE2,191,Psoriatic Arthritis,Lack of efficacy with respect to skin-related lesions in the short-term phase,Bristol-Myers Squibb
NCT04393038,abx464,OBEFAZIMOD,CHEMBL4297344,Small molecule,PHASE_3,NCBP1;NCBP2,2,Cap binding complex modulator,PHASE2/PHASE3,509,COVID-19,Interim analysis concludes that the study is futile,Abivax S.A.
NCT00318474,acei,RAMIPRIL,CHEMBL1168,Small molecule,APPROVAL,ACE,1,Angiotensin-converting enzyme inhibitor,PHASE3,184,IgA Nephropathy,DSMB recommended stopping the trial because of lack of effect.,St. Joseph's Hospital and Medical Center
NCT01852110,achei,DONEPEZIL,CHEMBL502,Small molecule,APPROVAL,ACHE,1,Acetylcholinesterase inhibitor,PHASE2,240,Alzheimer's Disease,Stage 1 interim analysis of efficacy met the criteria for early trial termination (futility). The trial was terminated at Stage 1; did not proceed to Stage 2.,Merck Sharp & Dohme LLC
NCT00814372,actos,PIOGLITAZONE HYDROCHLORIDE,CHEMBL1715,Small molecule,APPROVAL,PPARG,1,Peroxisome proliferator-activated receptor gamma agonist,PHASE2,242,Type 2 Diabetes Mellitus,MBX-102 did not meet the target efficacy profile of HbA1c change.,Gilead Sciences
NCT00612521,adenosine,ADENOSINE,CHEMBL477,Small molecule,APPROVAL,ADORA1;ADORA2A;ADORA2B;ADORA3,4,Adenosine receptor agonist,PHASE3,200,Coronary Artery Stenosis|Coronary Artery Disease,"At half the sample size, the results were negative with no benefit demonstrated with adenosine.",Ottawa Heart Institute Research Corporat
NCT02477800,aducanumab,ADUCANUMAB,CHEMBL3039540,Antibody,APPROVAL,APP,1,Amyloid-beta A4 protein binding agent,PHASE3,1653,Alzheimer's Disease,Study was discontinued based on futility analysis done and not based on safety concerns. Follow-up visits and closing out study activities are completed,Biogen
NCT02484547,aducanumab,ADUCANUMAB,CHEMBL3039540,Antibody,APPROVAL,APP,1,Amyloid-beta A4 protein binding agent,PHASE3,1643,Alzheimer's Disease,Study was discontinued based on futility analysis done and not based on safety concerns. Follow-up visits and closing out study activities are completed,Biogen
NCT04611152,aflibercept,AFLIBERCEPT,CHEMBL1742982,Protein,APPROVAL,PGF;VEGFA,2,Placenta growth factor inhibitor; Vascular endothelial growth factor A inhibitor,PHASE3,460,Diabetic Macular Edema,Study did not meet primary endpoint,Kodiak Sciences Inc
NCT04603937,aflibercept,AFLIBERCEPT,CHEMBL1742982,Protein,APPROVAL,PGF;VEGFA,2,Placenta growth factor inhibitor; Vascular endothelial growth factor A inhibitor,PHASE3,459,Diabetic Macular Edema,Study did not meet primary endpoint,Kodiak Sciences Inc
NCT04049266,aflibercept,AFLIBERCEPT,CHEMBL1742982,Protein,APPROVAL,PGF;VEGFA,2,Placenta growth factor inhibitor; Vascular endothelial growth factor A inhibitor,PHASE2/PHASE3,559,Wet Macular Degeneration,Primary Endpoint Not Met,Kodiak Sciences Inc
NCT01433354,afq056,MAVOGLURANT,CHEMBL3087515,Small molecule,PHASE_2_3,GRM5,1,Metabotropic glutamate receptor 5 antagonist,PHASE2/PHASE3,119,Fragile X Syndrome,The study treatment failed to demonstrate efficacy in target population in two other clinical studies (CAFQ056B2214 and CAFQ056A2212).,Novartis Pharmaceuticals
NCT01348087,afq056,MAVOGLURANT,CHEMBL3087515,Small molecule,PHASE_2_3,GRM5,1,Metabotropic glutamate receptor 5 antagonist,PHASE2,148,Fragile X Syndrome,Study treatment AFQ056 failed to demonstrate efficacy in the adult patient with Fragile X Syndrome in 2 other clinical studies (CAFQ056B2214 and CAFQ056A2212),Novartis Pharmaceuticals
NCT01032915,ain457,SECUKINUMAB,CHEMBL1743068,Antibody,APPROVAL,IL17A,1,Interleukin 17A inhibitor,PHASE3,125,Non-infectious Uveitis,Results of a planned interim analysis did not show significant effects for any of the 3 AIN dose regimens versus placebo on any primary or secondary endpoint,Novartis Pharmaceuticals
NCT00434993,albuterol sulfate,ALBUTEROL SULFATE,CHEMBL1441059,Small molecule,APPROVAL,ADRB2,1,Beta-2 adrenergic receptor agonist,PHASE2/PHASE3,282,"Respiratory Distress Syndrome, Adult",Stopped for futility by DSMB,"National Heart, Lung, and Blood Institut"
NCT00471237,alendronate,ALENDRONIC ACID,CHEMBL870,Small molecule,APPROVAL,FDPS,1,Farnesyl diphosphate synthase inhibitor,PHASE2,564,Osteoporosis,Terminated for futility by sponsor after a pre-planned interim review of data,GlaxoSmithKline
NCT04952519,amantadine,AMANTADINE,CHEMBL660,Small molecule,APPROVAL,GRIN1;GRIN2A;GRIN2B;GRIN2C;GRIN2D;GRIN3A;GRIN3B,7,Glutamate [NMDA] receptor antagonist; Matrix protein 2 inhibitor,PHASE3,193,Patients With Moderate or Severe COVID-19,"The annual analysis did not show the efficacy of the investigational medicinal product in this application, therefore the study was not continued.",Noblewell
NCT00768300,ambrisentan,AMBRISENTAN,CHEMBL1111,Small molecule,APPROVAL,EDNRA;EDNRB,2,"Endothelin receptor, ET-A/ET-B antagonist",PHASE3,494,Idiopathic Pulmonary Fibrosis,Lack of efficacy,Gilead Sciences
NCT00460317,amg 706,MOTESANIB,CHEMBL572881,Small molecule,PHASE_3,FLT1;FLT4;KDR;KIT;PDGFRA;PDGFRB;RET,7,Platelet-derived growth factor receptor inhibitor; Stem cell growth factor receptor inhibitor; Tyrosine-protein kinase r,PHASE3,1450,Non-Small Cell Lung Cancer,Amgen discontinued the development of AMG706 because 20050201 did not meet its primary objective.,Amgen
NCT01151215,anastrozole,ANASTROZOLE,CHEMBL1399,Small molecule,APPROVAL,CYP19A1,1,Cytochrome P450 19A1 inhibitor,PHASE2,482,Neoplasms|Breast Neoplasms|Breast Cancer,Futility,AstraZeneca
NCT00300196,ancrod,ANCROD,CHEMBL2108481,Unknown,APPROVAL,FGA;FGB;FGG,3,Fibrinogen hydrolytic enzyme,PHASE3,311,Stroke|Cerebral Ischemia|Brain Infarction,Futility,Neurobiological Technologies
NCT02450331,atezolizumab,ATEZOLIZUMAB,CHEMBL3707227,Antibody,APPROVAL,CD274,1,Programmed cell death 1 ligand 1 inhibitor,PHASE3,809,"Carcinoma, Transitional Cell",Sponsor decided to terminate the study early because the study did not meet its primary endpoint and because the study had met its goals of providing safety and additiona,Hoffmann-La Roche
NCT04338269,atezolizumab,ATEZOLIZUMAB,CHEMBL3707227,Antibody,APPROVAL,CD274,1,Programmed cell death 1 ligand 1 inhibitor,PHASE3,522,"Carcinoma, Renal Cell",As the study did not meet it's primary endpoint a decision was made to terminate the study.,Hoffmann-La Roche
NCT06514742,aticaprant,ATICAPRANT,CHEMBL1921847,Small molecule,PHASE_3,OPRK1,1,Kappa opioid receptor antagonist,PHASE3,101,"Depressive Disorder, Major|Anhedonia",Early study termination due to insufficient efficacy.,"Janssen Research & Development, LLC"
NCT00741715,atorvastatin,ATORVASTATIN,CHEMBL1487,Small molecule,APPROVAL,HMGCR,1,HMG-CoA reductase inhibitor,PHASE3,1736,Hypercholesterolemia,AVE5530 in hypercholesterolemia was stopped due to insufficient efficacy,Sanofi
NCT02260648,atorvastatin,ATORVASTATIN,CHEMBL1487,Small molecule,APPROVAL,HMGCR,1,HMG-CoA reductase inhibitor,PHASE3,149,Hypercholesterolemia,Study termination due to insufficient efficacy.,Eli Lilly and Company
NCT05036135,av-101,AV-101,CHEMBL3545351,Small molecule,PHASE_3,GRIN1;GRIN2A;GRIN2B;GRIN2C;GRIN2D;GRIN3A;GRIN3B,7,Glutamate [NMDA] receptor antagonist,PHASE2/PHASE3,202,Pulmonary Arterial Hypertension,"The IMPAHCT study demonstrated that while inhaled imatinib was well tolerated, it did not prove to be efficacious at any of the doses of AV-101 evaluated in the study.",Aerovate Therapeutics
NCT05557942,av-101,AV-101,CHEMBL3545351,Small molecule,PHASE_3,GRIN1;GRIN2A;GRIN2B;GRIN2C;GRIN2D;GRIN3A;GRIN3B,7,Glutamate [NMDA] receptor antagonist,PHASE3,186,Pulmonary Arterial Hypertension,"Results from the parent study (IMPAHCT) demonstrated that while inhaled imatinib was well tolerated, it did not prove to be efficacious at any of the doses of AV-101 eval",Aerovate Therapeutics
NCT02952586,avelumab,AVELUMAB,CHEMBL3833373,Antibody,APPROVAL,CD274,1,Programmed cell death 1 ligand 1 other,PHASE3,697,Squamous Cell Carcinoma of the Head and Neck,The trial prematurely terminated as recommended by the E-DMC because the boundary for futility has been crossed.,Pfizer
NCT01599754,axitinib,AXITINIB,CHEMBL1289926,Small molecule,APPROVAL,FLT1;FLT4;KDR,3,Vascular endothelial growth factor receptor inhibitor,PHASE3,724,Clear Cell Renal Carcinoma,Primary endpoint did not reach statistical significance,SFJ Pharma Ltd. II
NCT04313881,azacitidine,AZACITIDINE,CHEMBL1489,Small molecule,APPROVAL,DNMT1;DNMT3A,2,DNA (cytosine-5)-methyltransferase 1 inhibitor; DNA (cytosine-5)-methyltransferase 3A inhibitor,PHASE3,539,Myelodysplastic Syndromes,Study discontinued due to futility based on a planned analysis,Gilead Sciences
NCT05079230,azacitidine,AZACITIDINE,CHEMBL1489,Small molecule,APPROVAL,DNMT1;DNMT3A,2,DNA (cytosine-5)-methyltransferase 1 inhibitor; DNA (cytosine-5)-methyltransferase 3A inhibitor,PHASE3,378,Acute Myeloid Leukemia,Study was terminated due to futility,Gilead Sciences
NCT02147873,azacitidine,AZACITIDINE,CHEMBL1489,Small molecule,APPROVAL,DNMT1;DNMT3A,2,DNA (cytosine-5)-methyltransferase 1 inhibitor; DNA (cytosine-5)-methyltransferase 3A inhibitor,PHASE2,118,Myelodysplastic Syndrome (MDS)|Chronic Myelomonocytic Leukem,Study terminated due to lack of efficacy,TetraLogic Pharmaceuticals
NCT01151215,azd8931,SAPITINIB,CHEMBL2408045,Small molecule,PHASE_2,EGFR;ERBB2;ERBB3,3,Epidermal growth factor receptor erbB1 inhibitor; Receptor protein-tyrosine kinase erbB-2 inhibitor; Receptor tyrosine-p,PHASE2,482,Neoplasms|Breast Neoplasms|Breast Cancer,Futility,AstraZeneca
NCT02080364,azeliragon,AZELIRAGON,CHEMBL3989929,Small molecule,PHASE_3,AGER,1,Advanced glycosylation end product-specific receptor antagonist,PHASE3,880,Alzheimer's Disease,Not due to safety but due to a lack of efficacy at the 5 mg azeliragon dose.,vTv Therapeutics
NCT02916056,azeliragon,AZELIRAGON,CHEMBL3989929,Small molecule,PHASE_3,AGER,1,Advanced glycosylation end product-specific receptor antagonist,PHASE3,297,Alzheimer's Disease,Not due to safety but due to a lack of efficacy at the 5 mg azeliragon dose.,vTv Therapeutics
NCT03504917,balovaptan,BALOVAPTAN,CHEMBL4297183,Small molecule,PHASE_3,AVPR1A,1,Vasopressin V1a receptor antagonist,PHASE3,322,Autism Spectrum Disorder,A futility analysis assessed that the study is highly unlikely to meet the pre-defined primary objective of the study. No new safety concerns were identified.,Hoffmann-La Roche
NCT00998764,bapineuzumab,BAPINEUZUMAB,CHEMBL2108576,Antibody,PHASE_3,APP,1,Amyloid-beta A4 protein binding agent,PHASE3,494,Alzheimer Disease,"The study was terminated on August 6, 2012, because 2 large Phase 3 studies showed no clinical benefit. This decision was not based on any new safety concerns.",Pfizer
NCT00996918,bapineuzumab,BAPINEUZUMAB,CHEMBL2108576,Antibody,PHASE_3,APP,1,Amyloid-beta A4 protein binding agent,PHASE3,198,Alzheimer Disease,"The study was terminated on August 6, 2012, because 2 large Phase 3 studies showed no clinical benefit. This decision was not based on any new safety concerns.",Pfizer
NCT04891133,baricitinib,BARICITINIB,CHEMBL2105759,Small molecule,APPROVAL,JAK1;JAK2,2,Tyrosine-protein kinase JAK1 inhibitor; Tyrosine-protein kinase JAK2 inhibitor,PHASE2/PHASE3,290,COVID-19|Emerging Infectious Disease,"The trial was stopped prematurely due to external evidence that arose during the study period showing that the IMP, baricitinib, was not effective in the primary study po",Oslo University Hospital
NCT04729608,batiraxcept,BATIRAXCEPT,CHEMBL4594462,Protein,PHASE_3,GAS6,1,Growth arrest-specific protein 6 inhibitor,PHASE3,366,Platinum-resistant Ovarian Cancer,There were no significant differences in median PFS between batiraxcept + paclitaxel or paclitaxel alone arms. There was no detriment to overall survival. No new safety s,"Aravive, Inc."
NCT04543409,benralizumab,BENRALIZUMAB,CHEMBL1742991,Antibody,APPROVAL,IL5RA,1,Interleukin-5 receptor subunit alpha inhibitor,PHASE3,211,Eosinophilic Esophagitis,High-level results from the MESSINA Phase III trial showed that AstraZeneca's Fasenra (benralizumab) did not meet one of the two dual-primary endpoints. Given the lack of,AstraZeneca
NCT04791319,bermekimab,BERMEKIMAB,CHEMBL2109653,Antibody,APPROVAL,IL1A,1,Interleukin-1 alpha inhibitor,PHASE2,199,"Dermatitis, Atopic",Premature Termination due to Interim Analysis (100 patients at Week 16) meeting futility.,"Janssen Research & Development, LLC"
NCT01012297,bevacizumab,BEVACIZUMAB,CHEMBL1201583,Antibody,APPROVAL,VEGFA,1,Vascular endothelial growth factor A inhibitor,PHASE3,107,Recurrent Uterine Corpus Sarcoma|Stage IIIA Uterine Sarcoma|,"The study was targeted to accrue 130 patients, but closed early for futility.",National Cancer Institute (NCI)
NCT00946712,bevacizumab,BEVACIZUMAB,CHEMBL1201583,Antibody,APPROVAL,VEGFA,1,Vascular endothelial growth factor A inhibitor,PHASE3,1333,Recurrent Large Cell Lung Carcinoma|Recurrent Lung Adenocarc,terminated at pre-planned futility analysis,SWOG Cancer Research Network
NCT00458861,bg9924,BAMINERCEPT,CHEMBL1742988,Protein,PHASE_2,LTA;LTB;TNFSF14,3,Heterotrimeric lymphotoxin LTa1b2 inhibitor; Tumor necrosis factor ligand superfamily member 14 inhibitor,PHASE2,115,Rheumatoid Arthritis,Interim analysis of data failed to meet primary endpoint.,Biogen
NCT00597649,bicifadine,BICIFADINE,CHEMBL511099,Small molecule,PHASE_3,SLC6A2;SLC6A3;SLC6A4,3,Monoamine transporter inhibitor,PHASE2,250,Chronic Peripheral Neuropathy Pain in Diabetics,The 001 trial did not show benefit versus placebo,XTL Biopharmaceuticals
NCT00658645,bifeprunox,BIFEPRUNOX,CHEMBL218166,Small molecule,PHASE_3,DRD2;HTR1A,2,Dopamine D2 receptor partial agonist; Serotonin 1a (5-HT1a) receptor partial agonist,PHASE3,227,Schizophrenia,Interim analysis showed inadequate efficacy of bifeprunox,H. Lundbeck A/S
NCT00704509,bifeprunox,BIFEPRUNOX,CHEMBL218166,Small molecule,PHASE_3,DRD2;HTR1A,2,Dopamine D2 receptor partial agonist; Serotonin 1a (5-HT1a) receptor partial agonist,PHASE3,346,Schizophrenia,Interim analysis showed inadequate efficacy of bifeprunox,H. Lundbeck A/S
NCT03352557,biib092,GOSURANEMAB,CHEMBL3990042,Antibody,PHASE_2,MAPT,1,Microtubule-associated protein tau inhibitor,PHASE2,654,Alzheimer's Disease,The study (NCT03352557) was terminated based on lack of efficacy following the placebo-controlled period readout.,Biogen
NCT02147873,birinapant,BIRINAPANT,CHEMBL3039522,Small molecule,PHASE_2,BIRC2;BIRC3,2,cIAP1/cIAP2 inhibitor,PHASE2,118,Myelodysplastic Syndrome (MDS)|Chronic Myelomonocytic Leukem,Study terminated due to lack of efficacy,TetraLogic Pharmaceuticals
NCT05028569,botox,BOTULINUM TOXIN TYPE A,CHEMBL4297862,Protein,APPROVAL,SNAP25,1,Synaptosomal nerve-associated protein 25 (SNAP-25) hydrolytic enzyme,PHASE3,775,Episodic Migraine,The study was terminated early due to lack of efficacy from the primary analysis results.,AbbVie
NCT01902290,brodalumab,BRODALUMAB,CHEMBL1742996,Antibody,APPROVAL,IL17RA,1,Interleukin-17 receptor A antagonist,PHASE2,421,Asthma,Study terminated early due to lack of efficacy observed following interim analysis in Q2 2015. Study Closed once all sites were closed in eClinical,Amgen
NCT04193878,budesonide and formoterol,BUDESONIDE,CHEMBL1370,Small molecule,APPROVAL,NR3C1,1,Glucocorticoid receptor agonist,PHASE3,465,Pneumonia|Hypoxemia|Acute Respiratory Failure|COVID-19 Pneum,"Per DSMB's review of interim analysis, the study has reached the pre-specified futility criteria",Stanford University
NCT04826484,bupivacaine hydrochloride,BUPIVACAINE HYDROCHLORIDE,CHEMBL1200396,Small molecule,APPROVAL,SCN4A,1,Sodium channel protein type IV alpha subunit blocker,PHASE3,104,Urologic Diseases|Hypospadias|Undescended Testes|Chordee|Hyd,Met futility threshold at interim analysis,Johns Hopkins University
NCT00270257,buprenorphine naloxone,BUPRENORPHINE,CHEMBL511142,Small molecule,APPROVAL,OPRK1;OPRM1,2,Kappa opioid receptor agonist; Mu opioid receptor agonist,PHASE3,1251,HIV Infections|Opioid-Related Disorders,DSMB halted the study due to futility as a result of lower than anticipated HIV incidence rates,National Institute of Allergy and Infect
NCT04338269,cabozantinib,CABOZANTINIB,CHEMBL2105717,Small molecule,APPROVAL,KDR;MET,2,Hepatocyte growth factor receptor inhibitor; Vascular endothelial growth factor receptor 2 inhibitor,PHASE3,522,"Carcinoma, Renal Cell",As the study did not meet it's primary endpoint a decision was made to terminate the study.,Hoffmann-La Roche
NCT03340727,caffeine citrate,CAFFEINE CITRATE,CHEMBL1200569,Small molecule,APPROVAL,ADORA1;ADORA2A;ADORA2B;ADORA3,4,Adenosine receptor antagonist,PHASE3,827,Apnea of Prematurity,Futility,NICHD Neonatal Research Network
NCT00418782,ce-224535,CE-224535,CHEMBL1823817,Small molecule,PHASE_2_3,P2RX7,1,P2X purinoceptor 7 antagonist,PHASE2,212,Osteoarthritis,Results of interim analysis indicate lack of efficacy when compared to placebo.,Pfizer
NCT03028740,cenicriviroc,CENICRIVIROC,CHEMBL2110727,Small molecule,PHASE_3,CCR2;CCR5,2,C-C chemokine receptor type 2 antagonist; C-C chemokine receptor type 5 antagonist,PHASE3,1778,Nonalcoholic Steatohepatitis,This study was terminated early due to lack of efficacy based on the results of the planned interim analysis of Part 1 data.,"Tobira Therapeutics, Inc."
NCT00449150,cetrorelix,CETRORELIX,CHEMBL1200490,Protein,APPROVAL,GNRHR,1,Gonadotropin-releasing hormone receptor antagonist,PHASE3,667,Benign Prostatic Hypertrophy,Trial did not meet primary efficacy endpoint for double blind phase.,AEterna Zentaris
NCT00946712,cetuximab,CETUXIMAB,CHEMBL1201577,Antibody,APPROVAL,EGFR,1,Epidermal growth factor receptor erbB1 inhibitor,PHASE3,1333,Recurrent Large Cell Lung Carcinoma|Recurrent Lung Adenocarc,terminated at pre-planned futility analysis,SWOG Cancer Research Network
NCT01230827,cnto 148,GOLIMUMAB,CHEMBL1201833,Antibody,APPROVAL,TNF,1,TNF-alpha inhibitor,PHASE3,173,Juvenile Idiopathic Arthritis,Trial has failed to meet primary - and major secondary endpoints,"Janssen Research & Development, LLC"
NCT04985968,cobitolimod,COBITOLIMOD,CHEMBL4297564,Oligonucleotide,PHASE_3,TLR9,1,Toll-like receptor 9 agonist,PHASE3,171,Ulcerative Colitis,Due to futility,InDex Pharmaceuticals
NCT02626455,copanlisib,COPANLISIB,CHEMBL3218576,Small molecule,APPROVAL,PIK3CA;PIK3CD,2,PI3-kinase p110-alpha subunit inhibitor; PI3-kinase p110-delta subunit inhibitor,PHASE3,551,"Lymphoma, Non-Hodgkin",Company decided to terminate this study due to study did not meet the primary endpoint.,Bayer
NCT00430677,corticosteroids,PREDNISONE,CHEMBL635,Small molecule,APPROVAL,NR3C1,1,Glucocorticoid receptor agonist,PHASE2/PHASE3,423,Systemic Lupus Erythematosus,Terminated due to failure to meet the primary efficacy endpoint in the Short-term Period,Bristol-Myers Squibb
NCT02626455,cyclophosphamide,LORNOXICAM,CHEMBL1569487,Small molecule,APPROVAL,PTGS1;PTGS2,2,Cyclooxygenase inhibitor,PHASE3,551,"Lymphoma, Non-Hodgkin",Company decided to terminate this study due to study did not meet the primary endpoint.,Bayer
NCT00353574,darusentan,DARUSENTAN,CHEMBL23261,Small molecule,PHASE_3,EDNRA;EDNRB,2,Endothelin receptor ET-A antagonist; Endothelin receptor ET-B antagonist,PHASE3,282,Hypertension,Study DAR-312 did not meet primary co-endpoints,Gilead Sciences
NCT01870609,defactinib,DEFACTINIB,CHEMBL3137331,Small molecule,PHASE_3,PTK2;PTK2B,2,Focal adhesion kinase 1 inhibitor; Protein tyrosine kinase 2 beta inhibitor,PHASE2,344,Malignant Pleural Mesothelioma,Interim analysis-DSMB stated good safety profile but lack of efficacy,"Verastem, Inc."
NCT00215657,degarelix,DEGARELIX,CHEMBL415606,Protein,APPROVAL,GNRHR,1,Gonadotropin-releasing hormone receptor antagonist,PHASE2,131,Prostate Cancer,The doses were not effective in maintaining testosterone suppression,Ferring Pharmaceuticals
NCT01975727,dexamethasone,DEXAMETHASONE,CHEMBL384467,Small molecule,APPROVAL,NR3C1,1,Glucocorticoid receptor agonist,PHASE2,256,Postoperative Nausea and Vomiting|Vomiting,Study was halted prematurely for futility after an intermediate analysis,"University Hospital, Geneva"
NCT05387707,difelikefalin,DIFELIKEFALIN,CHEMBL3989915,Protein,APPROVAL,OPRK1,1,Kappa opioid receptor agonist,PHASE3,287,Pruritus|Atopic Dermatitis,"In Part A of the study, oral difelikefalin as adjunct to topical corticosteroids (TCS) did not demonstrate meaningful clinical benefit compared to TCS alone.","Cara Therapeutics, Inc."
NCT05978063,difelikefalin,DIFELIKEFALIN,CHEMBL3989915,Protein,APPROVAL,OPRK1,1,Kappa opioid receptor agonist,PHASE2/PHASE3,214,Pruritus|Notalgia Paresthetica,"In Part A of CR845-310601, oral difelikefalin did not demonstrate a meaningful clinical benefit at any dose compared to placebo. The drug was generally well tolerated wit","Cara Therapeutics, Inc."
NCT02626455,doxorubicin,DOXORUBICIN,CHEMBL53463,Small molecule,APPROVAL,TOP2A,1,DNA topoisomerase II alpha inhibitor,PHASE3,551,"Lymphoma, Non-Hodgkin",Company decided to terminate this study due to study did not meet the primary endpoint.,Bayer
NCT00005047,doxorubicin hydrochloride,DOXORUBICIN HYDROCHLORIDE,CHEMBL359744,Small molecule,APPROVAL,TOP2A,1,DNA topoisomerase II alpha inhibitor,PHASE3,521,Bladder Cancer,Accrual was halted on the basis of the Data and Safety Monitoring Board review of a futility analysis.,SWOG Cancer Research Network
NCT04791319,dupilumab,DUPILUMAB,CHEMBL2108675,Antibody,APPROVAL,IL4R,1,Interleukin-4 receptor subunit alpha antagonist,PHASE2,199,"Dermatitis, Atopic",Premature Termination due to Interim Analysis (100 patients at Week 16) meeting futility.,"Janssen Research & Development, LLC"
NCT03736967,dupilumab,DUPILUMAB,CHEMBL2108675,Antibody,APPROVAL,IL4R,1,Interleukin-4 receptor subunit alpha antagonist,PHASE2,206,Atopic Dermatitis,Lack of efficacy,Regeneron Pharmaceuticals
NCT00360412,e2007,PERAMPANEL,CHEMBL1214124,Small molecule,APPROVAL,GRIA1;GRIA2;GRIA3;GRIA4,4,Glutamate receptor ionotropic AMPA antagonist,PHASE3,997,Parkinson's Disease,Study stopped due to lack of efficacy.,Eisai Inc.
NCT03917719,edasalonexent,EDASALONEXENT,CHEMBL3786673,Small molecule,PHASE_3,NFKB1;NFKB2;RELA,3,Nuclear factor NF-kappa-B complex inhibitor,PHASE3,130,Duchenne Muscular Dystrophy,"The Phase 3 PolarisDMD trial did not meet the primary endpoint. As a result, activities related to the development of edasalonexent have stopped including the CAT-1004-30",Catabasis Pharmaceuticals
NCT00965419,edivoxetine,EDIVOXETINE,CHEMBL2103857,Small molecule,PHASE_3,SLC6A2,1,Norepinephrine transporter inhibitor,PHASE2/PHASE3,267,Attention Deficit Hyperactivity Disorder,Terminated due to low 5 year completer number and not meeting primary objective.,Eli Lilly and Company
NCT04598477,efgartigimod ph20 sc,EFGARTIGIMOD ALFA,CHEMBL4297551,Protein,APPROVAL,FCGRT,1,IgG receptor FcRn large subunit p51 antagonist,PHASE3,183,Pemphigus Vulgaris|Pemphigus Foliaceus,"Based on the lack of observed efficacy in the primary study ARGX-113-1904, the sponsor decided to discontinue the open-label extension study.",argenx
NCT02704403,elafibranor,ELAFIBRANOR,CHEMBL3707395,Small molecule,APPROVAL,PPARA;PPARD,2,Peroxisome proliferator-activated receptor alpha agonist; Peroxisome proliferator-activated receptor delta agonist,PHASE3,2157,Nonalcoholic Steatohepatitis (NASH) With Fibrosis,"Study did not meet the predefined primary surrogate efficacy endpoint, no safety issues identified",Genfit
NCT02956486,elenbecestat,ELENBECESTAT,CHEMBL4204869,Small molecule,PHASE_3,BACE1,1,Beta-secretase 1 inhibitor,PHASE3,2212,Alzheimer's Disease,"Due to an unfavorable risk-benefit ratio including no evidence of potential efficacy, and the adverse event profile of E2609 being worse than placebo.","Eisai Co., Ltd."
NCT00740545,enoxaparine,ENOXAPARIN SODIUM,CHEMBL1201476,Oligosaccharide,APPROVAL,SERPINC1,1,Antithrombin-III activator,PHASE3,258,Alive and Viable Births,Stopped for futility,"University Hospital, Brest"
NCT01244191,erlotinib,ERLOTINIB,CHEMBL553,Small molecule,APPROVAL,EGFR,1,Epidermal growth factor receptor erbB1 inhibitor,PHASE3,1048,"Non Squamous, Non-small-cell Lung Cancer",Sponsor decision due to the protocol-defined stopping boundary for futility was met based on the interim OS data.,Daiichi Sankyo
NCT03657095,esuberaprost,ESUBERAPROST,CHEMBL3137314,Small molecule,PHASE_3,PTGIR,1,Prostanoid IP receptor agonist,PHASE3,112,Pulmonary Arterial Hypertension,"The pivotal study, BPS-314d-MR-PAH-302 (NCT01908699), failed to demonstrate efficacy.",Lung Biotechnology PBC
NCT04173273,etrasimod,ETRASIMOD,CHEMBL3358920,Small molecule,APPROVAL,S1PR1;S1PR4;S1PR5,3,Sphingosine 1-phosphate receptor Edg-1 agonist; Sphingosine 1-phosphate receptor Edg-1 modulator; Sphingosine 1-phosphat,PHASE2/PHASE3,379,Crohn's Disease,The study was prematurely discontinued due to a lack of efficacy in sub-study 1,Pfizer
NCT01687998,evacetrapib,EVACETRAPIB,CHEMBL2017179,Small molecule,PHASE_3,CETP,1,Cholesteryl ester transfer protein inhibitor,PHASE3,12092,Cardiovascular Diseases,Study termination due to insufficient efficacy.,Eli Lilly and Company
NCT02260648,evacetrapib,EVACETRAPIB,CHEMBL2017179,Small molecule,PHASE_3,CETP,1,Cholesteryl ester transfer protein inhibitor,PHASE3,149,Hypercholesterolemia,Study termination due to insufficient efficacy.,Eli Lilly and Company
NCT01374451,everolimus,EVEROLIMUS,CHEMBL1908360,Small molecule,APPROVAL,FKBP1A,1,FK506-binding protein 1A inhibitor,PHASE2,160,Islet Cell Tumor,The study was stopped for not meeting the primary endpoint for PFS.,Novartis Pharmaceuticals
NCT02975349,evobrutinib,EVOBRUTINIB,CHEMBL4072833,Small molecule,PHASE_3,BTK,1,Tyrosine-protein kinase BTK inhibitor,PHASE2,267,Relapsing-remitting Multiple Sclerosis,Results from the EVOLUTION clinical trials showed evobrutinib did not meet its primary endpoint of annualized relapse rate for up to 156 weeks compared to oral teriflunom,EMD Serono Research & Development Instit
NCT02260648,ezetimibe,EZETIMIBE,CHEMBL1138,Small molecule,APPROVAL,NPC1L1,1,Niemann-Pick C1-like protein 1 inhibitor,PHASE3,149,Hypercholesterolemia,Study termination due to insufficient efficacy.,Eli Lilly and Company
NCT00849667,farletuzumab,FARLETUZUMAB,CHEMBL1743016,Antibody,PHASE_3,FOLR1,1,Folate receptor alpha inhibitor,PHASE3,1100,Ovarian Cancer,Lack of efficacy,Morphotek
NCT01012297,filgrastim,FILGRASTIM,CHEMBL1201567,Protein,APPROVAL,CSF3R,1,Granulocyte colony stimulating factor receptor agonist,PHASE3,107,Recurrent Uterine Corpus Sarcoma|Stage IIIA Uterine Sarcoma|,"The study was targeted to accrue 130 patients, but closed early for futility.",National Cancer Institute (NCI)
NCT03107052,fremanezumab,FREMANEZUMAB,CHEMBL4297756,Antibody,APPROVAL,CALCA;CALCB,2,Calcitonin gene-related peptide antagonist,PHASE3,275,Cluster Headache,The study was terminated after the episodic cluster study was terminated due to a pre specified futility analyses,Teva Branded Pharmaceutical Products R&D
NCT02945046,fremanezumab,FREMANEZUMAB,CHEMBL4297756,Antibody,APPROVAL,CALCA;CALCB,2,Calcitonin gene-related peptide antagonist,PHASE3,169,Episodic Cluster Headache,Study was terminated as a result of a pre-specified futility analysis at the interim of 150 participants completing the efficacy analysis of the study.,Teva Branded Pharmaceutical Products R&D
NCT00731692,fty720,FINGOLIMOD HYDROCHLORIDE,CHEMBL544665,Small molecule,APPROVAL,S1PR1;S1PR2;S1PR3;S1PR4;S1PR5,5,Sphingosine 1-phosphate receptor agonist,PHASE3,970,Primary Progressive Multiple Sclerosis,The extension study was terminated early after the results of the core study showed the study did not meet primary endpoint; confirmed disability progression,Novartis Pharmaceuticals
NCT01709734,galeterone,GALETERONE,CHEMBL2105738,Small molecule,PHASE_3,AR;CYP17A1,2,Androgen Receptor antagonist; Cytochrome P450 17A1 inhibitor,PHASE2,126,Prostate Cancer,"Study was terminated prematurely in all investigational study centers upon recommendation from the study's Data Monitoring Committee (DMC).

Study was stopped due to lack","LTN PHARMACEUTICALS, INC."
NCT01798485,ganetespib,GANETESPIB,CHEMBL2103879,Small molecule,PHASE_3,HSP90AA1;HSP90AB1,2,Heat shock protein HSP90 inhibitor,PHASE3,696,Non-Small-Cell Lung Adenocarcinoma|Non-small Cell Lung Cance,The study was stopped after the first Interim Analysis due to futility.,Synta Pharmaceuticals Corp.
NCT03407482,gdc-0853,FENEBRUTINIB,CHEMBL4065122,Small molecule,PHASE_3,BTK,1,Tyrosine-protein kinase BTK inhibitor,PHASE2,160,"Lupus Erythematosus, Systemic",The study was ended early due to the lack of efficacy seen in the parent study GA30044.,"Genentech, Inc."
NCT02641392,ged-0301,MONGERSEN SODIUM,CHEMBL3707383,Oligonucleotide,PHASE_3,SMAD7,1,SMAD-7 mRNA antisense inhibitor,PHASE3,310,Crohn's Disease,Study terminated by Sponsor following a recommendation from external DMC based on lack of emerging benefit; there were no new emergent safety findings,Celgene
NCT03628391,haloperidol,HALOPERIDOL,CHEMBL54,Small molecule,APPROVAL,DRD2;DRD3;DRD4;HTR2A,4,D2-like dopamine receptor inverse agonist; Serotonin 2a (5-HT2a) receptor antagonist,PHASE3,142,Delirium|Critical Illness|Intensive Care Psychosis|Cognitive,The study was stopped because of futility of being able to reach a one-day difference between treatment groups in the primary outcome of DCFD in the intended sample size.,Erasmus Medical Center
NCT04329923,hydroxychloroquine sulfate,HYDROXYCHLOROQUINE SULFATE,CHEMBL1690,Small molecule,APPROVAL,TLR7;TLR9,2,Toll-like receptor 7 antagonist; Toll-like receptor 9 antagonist,PHASE2,173,COVID-19,Cohort 1: slow accrual Cohort 2: Other studies showed no benefit Cohort 3: Study met pre-specificied futility analysis at planned second interim analysis,"Ravi Amaravadi, MD"
NCT02545283,idasanutlin,IDASANUTLIN,CHEMBL2402737,Small molecule,PHASE_3,MDM2;TP53,2,Tumour suppressor p53/oncoprotein Mdm2 inhibitor,PHASE3,447,"Leukemia, Myeloid, Acute",The study was stopped for futility based on efficacy results at the interim analysis; no unexpected safety findings were observed.,Hoffmann-La Roche
NCT00124748,imatinib mesylate,IMATINIB MESYLATE,CHEMBL1642,Small molecule,APPROVAL,ABL1;BCR;KIT;PDGFRB,4,Bcr/Abl fusion protein inhibitor; Platelet-derived growth factor receptor beta inhibitor; Stem cell growth factor recept,PHASE3,476,"Leukemia, Myeloid, Chronic Phase",This study was prematurely discontinued because no improvement was observed in the 800mg dose compared to 400mg dose,Novartis Pharmaceuticals
NCT01956812,immu-107,CLIVATUZUMAB TETRAXETAN,CHEMBL3301586,Antibody,PHASE_3,MUC5AC,1,Mucin-5AC binding agent,PHASE3,334,Metastatic Pancreatic Cancer|Pancreatic Cancer,"The DSMB conducted an interim analysis on overall survival, which showed that the treatment arm did not demonstrate a sufficient improvement in OS vs. placebo.",Gilead Sciences
NCT04474314,imr-687,TOVINONTRINE,CHEMBL4297290,Small molecule,PHASE_2,PDE9A,1,Phosphodiesterase 9A inhibitor,PHASE2,115,Sickle Cell Disease,"A recently conducted Interim analysis of IMR-SCD-301 demonstrated that while IMR-687 was generally well-tolerated, it failed to meet its primary efficacy endpoint. So, th","Cardurion Pharmaceuticals, Inc."
NCT04411082,imr-687,TOVINONTRINE,CHEMBL4297290,Small molecule,PHASE_2,PDE9A,1,Phosphodiesterase 9A inhibitor,PHASE2,122,β Thalassemia,"IMR-BTL-201demonstrated that while IMR-687 was generally well-tolerated, it failed to show any meaningful benefit in transfusion burden or improvement in most disease-rel","Cardurion Pharmaceuticals, Inc."
NCT01774604,indomethacin,INDOMETHACIN,CHEMBL6,Small molecule,APPROVAL,PTGS1;PTGS2,2,Cyclooxygenase inhibitor,PHASE3,449,Post-ERCP Acute Pancreatitis,Futility,Dartmouth-Hitchcock Medical Center
NCT01232556,inotuzumab ozogamicin,INOTUZUMAB OZOGAMICIN,CHEMBL2108611,Antibody drug conjugate,APPROVAL,CD22,1,CD22 binding agent,PHASE3,338,"Lymphoma, Non-Hodgkin","The study was terminated prematurely on May 16, 2013, for futility. No new or unexpected safety issues were identified.",Pfizer
NCT00047632,interferon gamma-1b,INTERFERON GAMMA-1B,CHEMBL1201564,Protein,APPROVAL,IFNGR1;IFNGR2,2,Interferon gamma receptor agonist,PHASE3,847,Ovarian Carcinoma|Peritoneal Carcinoma,futility,InterMune
NCT03445533,ipilimumab,IPILIMUMAB,CHEMBL1789844,Antibody,APPROVAL,CTLA4,1,Cytotoxic T-lymphocyte protein 4 inhibitor,PHASE3,481,Metastatic Melanoma,Lack of Efficacy,"Idera Pharmaceuticals, Inc."
NCT03584516,itacitinib,ITACITINIB,CHEMBL3622820,Small molecule,PHASE_3,JAK1,1,Tyrosine-protein kinase JAK1 inhibitor,PHASE2/PHASE3,155,Chronic Graft-versus-host Disease,The study was terminated due to insufficient efficacy to support moving into Part 2 of the study; there were no safety concerns that contributed to this decision.,Incyte Corporation
NCT02980874,ivt aflibercept,AFLIBERCEPT,CHEMBL1742982,Protein,APPROVAL,PGF;VEGFA,2,Placenta growth factor inhibitor; Vascular endothelial growth factor A inhibitor,PHASE3,460,Macular Edema|Retinal Vein Occlusion,"Primary, 8-week efficacy endpoint not achieved. No additional benefit for subjects receiving a corticosteroid together with an intravitreal anti-VEGF agent.","Clearside Biomedical, Inc."
NCT04619420,jnj-63733657,POSDINEMAB,CHEMBL4650402,Antibody,PHASE_2,MAPT,1,Microtubule-associated protein tau inhibitor,PHASE2,523,Alzheimer Disease|Cognitive Dysfunction|Dementia,Posdinemab did not achieve statistical significance in slowing clinical decline,"Janssen Research & Development, LLC"
NCT03071692,k-877,K-877,CHEMBL3545412,Unknown,PHASE_3,PPARA,1,Peroxisome proliferator-activated receptor alpha agonist,PHASE3,10544,Type2 Diabetes|Dyslipidemia,The study was stopped for futility based on efficacy results at the interim analysis; no unexpected safety findings were observed.,"Kowa Research Institute, Inc."
NCT02783573,lanabecestat,LANABECESTAT,CHEMBL3989948,Small molecule,PHASE_3,BACE1,1,Beta-secretase 1 inhibitor,PHASE3,1722,Alzheimer's Disease,"An independent assessment concluded the trial was not likely to meet the primary endpoint upon completion and therefore, trial stopped for futility.",AstraZeneca
NCT02245737,lanabecestat,LANABECESTAT,CHEMBL3989948,Small molecule,PHASE_3,BACE1,1,Beta-secretase 1 inhibitor,PHASE2/PHASE3,2218,Alzheimer´s Disease,"An independent assessment concluded the trial was not likely to meet the primary endpoint upon completion and therefore, trial stopped for futility",AstraZeneca
NCT00097344,letrozole,LETROZOLE,CHEMBL1444,Small molecule,APPROVAL,CYP19A1,1,Cytochrome P450 19A1 inhibitor,PHASE3,842,"Breast Neoplasms|Neoplasms, Hormone-Dependent",Identical study Biomed 777-CLP-029 did not meet superiority endpoint,Intarcia Therapeutics
NCT00267553,letrozole,LETROZOLE,CHEMBL1444,Small molecule,APPROVAL,CYP19A1,1,Cytochrome P450 19A1 inhibitor,PHASE3,200,"Breast Neoplasms|Neoplasms, Hormone-Dependent",This was a follow-on study to Biomed 777-CLP-029 which did not meet superiority endpoint,Intarcia Therapeutics
NCT01215942,ly2127399,TABALUMAB,CHEMBL1743075,Antibody,PHASE_3,TNFSF13B,1,Tumor necrosis factor ligand superfamily member 13B inhibitor,PHASE3,1086,Rheumatoid Arthritis,Insufficient efficacy observed in study BCDM (NCT01198002) and BCDV (NCT01202773).,Eli Lilly and Company
NCT01202773,ly2127399,TABALUMAB,CHEMBL1743075,Antibody,PHASE_3,TNFSF13B,1,Tumor necrosis factor ligand superfamily member 13B inhibitor,PHASE3,456,Rheumatoid Arthritis,"Terminated not based on safety concerns, but due to insufficient efficacy.",Eli Lilly and Company
NCT03831191,ly3375880,TORUDOKIMAB,CHEMBL4650487,Antibody,PHASE_2,IL33,1,Interleukin-33 inhibitor,PHASE2,136,Atopic Dermatitis,The study was terminated for lack of efficacy after an interim analysis was performed,Eli Lilly and Company
NCT01097707,ly500307,ERTEBEREL,CHEMBL278703,Small molecule,PHASE_2,ESR2,1,Estrogen receptor beta agonist,PHASE2,414,Benign Prostatic Hyperplasia,Terminated due to insufficient efficacy,Eli Lilly and Company
NCT04271475,macitentan,MACITENTAN,CHEMBL2103873,Small molecule,APPROVAL,EDNRA;EDNRB,2,"Endothelin receptor, ET-A/ET-B antagonist",PHASE3,127,Chronic Thromboembolic Pulmonary Hypertension,The Sponsor decided to stop the study for futility based on a recommendation by the IDMC following a pre-planned interim analysis,Actelion
NCT03775421,macitentan,MACITENTAN,CHEMBL2103873,Small molecule,APPROVAL,EDNRA;EDNRB,2,"Endothelin receptor, ET-A/ET-B antagonist",PHASE3,112,Congenital Heart Disease With Fontan Circulation,"As The RUBATO DB study (NCT03153137) did not show any benefit of treatment with macitentan in Fontan-palliated participants, the sponsor has decided to terminate the RUBA",Actelion
NCT04313881,magrolimab,MAGROLIMAB,CHEMBL4297985,Antibody,PHASE_3,CD47,1,Leukocyte surface antigen CD47 inhibitor,PHASE3,539,Myelodysplastic Syndromes,Study discontinued due to futility based on a planned analysis,Gilead Sciences
NCT05079230,magrolimab,MAGROLIMAB,CHEMBL4297985,Antibody,PHASE_3,CD47,1,Leukocyte surface antigen CD47 inhibitor,PHASE3,378,Acute Myeloid Leukemia,Study was terminated due to futility,Gilead Sciences
NCT05582395,mavacamten,MAVACAMTEN,CHEMBL4297517,Small molecule,APPROVAL,MYH6;MYH7;MYH7B;MYL2;MYL3;MYL4;MYL7,7,Cardiac myosin inhibitor,PHASE3,580,"Cardiomyopathy, Hypertrophic",Trial terminated because of lack of efficacy in the short term acute phase,Bristol-Myers Squibb
NCT00814372,mbx-102,ARHALOFENATE,CHEMBL2103824,Small molecule,PHASE_2_3,PPARG;SLC22A12,2,Peroxisome proliferator-activated receptor gamma modulator; Solute carrier family 22 member 12 inhibitor,PHASE2,242,Type 2 Diabetes Mellitus,MBX-102 did not meet the target efficacy profile of HbA1c change.,Gilead Sciences
NCT01038739,mesalazine,MESALAMINE,CHEMBL704,Small molecule,APPROVAL,ALOX5;PPARG;PTGS1;PTGS2,4,Arachidonate 5-lipoxygenase inhibitor; Cyclooxygenase inhibitor; Peroxisome proliferator-activated receptor gamma agonis,PHASE3,330,Diverticulitis,Stopped due to futility.,Dr. Falk Pharma GmbH
NCT01230827,methotrexate,METHOTREXATE,CHEMBL34259,Small molecule,APPROVAL,DHFR,1,Dihydrofolate reductase inhibitor,PHASE3,173,Juvenile Idiopathic Arthritis,Trial has failed to meet primary - and major secondary endpoints,"Janssen Research & Development, LLC"
NCT00005047,methotrexate,METHOTREXATE,CHEMBL34259,Small molecule,APPROVAL,DHFR,1,Dihydrofolate reductase inhibitor,PHASE3,521,Bladder Cancer,Accrual was halted on the basis of the Data and Safety Monitoring Board review of a futility analysis.,SWOG Cancer Research Network
NCT03584516,methylprednisolone,METHYLPREDNISOLONE,CHEMBL650,Small molecule,APPROVAL,NR3C1,1,Glucocorticoid receptor agonist,PHASE2/PHASE3,155,Chronic Graft-versus-host Disease,The study was terminated due to insufficient efficacy to support moving into Part 2 of the study; there were no safety concerns that contributed to this decision.,Incyte Corporation
NCT02587351,metoprolol succinate,METOPROLOL SUCCINATE,CHEMBL2356097,Small molecule,APPROVAL,ADRB1,1,Beta-1 adrenergic receptor antagonist,PHASE3,532,"Pulmonary Disease, Chronic Obstructive",Futility,University of Minnesota
NCT01852110,mk-7622,MK-7622,CHEMBL4078588,Small molecule,PHASE_2,CHRM1,1,Muscarinic acetylcholine receptor M1 positive allosteric modulator,PHASE2,240,Alzheimer's Disease,Stage 1 interim analysis of efficacy met the criteria for early trial termination (futility). The trial was terminated at Stage 1; did not proceed to Stage 2.,Merck Sharp & Dohme LLC
NCT02629848,motesanib,MOTESANIB,CHEMBL572881,Small molecule,PHASE_3,FLT1;FLT4;KDR;KIT;PDGFRA;PDGFRB;RET,7,Platelet-derived growth factor receptor inhibitor; Stem cell growth factor receptor inhibitor; Tyrosine-protein kinase r,PHASE3,401,"Carcinoma, Non-Small-Cell Lung",Sponsor decision to terminate the study because the study did not meet the primary endpoint.,Takeda
NCT00244504,moxonidine,MOXONIDINE,CHEMBL19236,Small molecule,APPROVAL,NISCH,1,Nischarin agonist,PHASE3,141,Cardiac Disease|Vascular Surgery,Study was stopped after pre-definied interim analysis because of no effects,"University Hospital, Basel, Switzerland"
NCT00430677,mycophenolate mofetil,MYCOPHENOLATE MOFETIL,CHEMBL1456,Small molecule,APPROVAL,IMPDH1;IMPDH2,2,Inosine-5'-monophosphate dehydrogenase (IMPDH) inhibitor,PHASE2/PHASE3,423,Systemic Lupus Erythematosus,Terminated due to failure to meet the primary efficacy endpoint in the Short-term Period,Bristol-Myers Squibb
NCT00318474,mycophenolate mofetil,MYCOPHENOLATE MOFETIL,CHEMBL1456,Small molecule,APPROVAL,IMPDH1;IMPDH2,2,Inosine-5'-monophosphate dehydrogenase (IMPDH) inhibitor,PHASE3,184,IgA Nephropathy,DSMB recommended stopping the trial because of lack of effect.,St. Joseph's Hospital and Medical Center
NCT00418782,naproxen,NAPROXEN,CHEMBL154,Small molecule,APPROVAL,PTGS1;PTGS2,2,Cyclooxygenase inhibitor,PHASE2,212,Osteoarthritis,Results of interim analysis indicate lack of efficacy when compared to placebo.,Pfizer
NCT01416181,natalizumab,NATALIZUMAB,CHEMBL1201607,Antibody,APPROVAL,ITGA4;ITGB1;ITGB7,3,Integrin alpha-4/beta-1 inhibitor; Integrin alpha-4/beta-7 inhibitor,PHASE3,889,Secondary Progressive Multiple Sclerosis,The ASCEND Study did not achieve statistical significance on the primary or secondary endpoints.,Biogen
NCT01905592,niraparib,NIRAPARIB,CHEMBL1094636,Small molecule,APPROVAL,PARP1;PARP2,2,Poly [ADP-ribose] polymerase 2 inhibitor; Poly [ADP-ribose] polymerase-1 inhibitor,PHASE3,216,"Neoplasms, Breast|Carcinoma of Breast|Human Epidermal Growth",The study was terminated due to futility.,"Tesaro, Inc."
NCT02725372,nitric oxide,NITRIC OXIDE,CHEMBL1200689,Small molecule,APPROVAL,GUCY1A1;GUCY1A2;GUCY1B1,3,Soluble guanylate cyclase activator,PHASE3,207,Pulmonary Arterial Hypertension,Trial stopped for futility,Bellerophon Pulse Technologies
NCT06029439,nmra-335140,NAVACAPRANT,CHEMBL4592045,Small molecule,PHASE_3,OPRK1,1,Kappa opioid receptor antagonist,PHASE3,904,Major Depressive Disorder,NMRA-335140 did not achieve the primary endpoint across three randomized controlled trials. Program discontinued due to lack of efficacy in MDD.,"Neumora Therapeutics, Inc."
NCT01077518,ofatumumab,OFATUMUMAB,CHEMBL1201836,Antibody,APPROVAL,MS4A1,1,B-lymphocyte antigen CD20 binding agent,PHASE3,346,"Lymphoma, Follicular",The study was terminated early as it did not meet the Primary efficacy objective after primary analysis.,Novartis Pharmaceuticals
NCT01200589,ofatumumab,OFATUMUMAB,CHEMBL1201836,Antibody,APPROVAL,MS4A1,1,B-lymphocyte antigen CD20 binding agent,PHASE3,438,Non-Hodgkin's Lymphoma,The study stopped due to futility.,Novartis Pharmaceuticals
NCT03608033,oms721,NARSOPLIMAB,CHEMBL4298195,Antibody,APPROVAL,MASP2,1,Mannan-binding lectin serine protease 2 inhibitor,PHASE3,360,IgA Nephropathy,IA did not meet the prespecified primary endpoint.,Omeros Corporation
NCT04333147,otilimab,OTILIMAB,CHEMBL2109433,Antibody,PHASE_3,CSF2,1,Granulocyte-macrophage colony-stimulating factor inhibitor,PHASE3,2916,"Arthritis, Rheumatoid",Study is early terminated due to Limited efficacy demonstrated in the contRAst program does not support a suitable benefit/risk profile for otilimab as a potential treatm,GlaxoSmithKline
NCT00101361,oxandrolone,OXANDROLONE,CHEMBL1200436,Small molecule,APPROVAL,AR,1,Androgen Receptor agonist,PHASE3,212,Pressure Ulcer,futility analysis showed low probability of detecting a significant difference,US Department of Veterans Affairs
NCT03955146,pamrevlumab,PAMREVLUMAB,CHEMBL2109377,Antibody,PHASE_3,CCN2,1,Connective tissue growth factor inhibitor,PHASE3,393,Idiopathic Pulmonary Fibrosis,Study did not meet its primary endpoint.,Kyntra Bio
NCT04551053,parsaclisib,PARSACLISIB,CHEMBL4297615,Small molecule,APPROVAL,PIK3CD,1,PI3-kinase p110-delta subunit inhibitor,PHASE3,177,Myelofibrosis|Primary Myelofibrosis|Post Essential Thrombocy,The study was terminated due to futility.,Incyte Corporation
NCT04551066,parsaclisib,PARSACLISIB,CHEMBL4297615,Small molecule,APPROVAL,PIK3CD,1,PI3-kinase p110-delta subunit inhibitor,PHASE3,252,Myelofibrosis|Primary Myelofibrosis|Post Essential Thrombocy,The study was terminated due to futility.,Incyte Corporation
NCT01374451,pasireotide lar,PASIREOTIDE,CHEMBL3349607,Protein,APPROVAL,SSTR1;SSTR2;SSTR3;SSTR5,4,Somatostatin receptor 1 agonist; Somatostatin receptor 2 agonist; Somatostatin receptor 3 agonist; Somatostatin receptor,PHASE2,160,Islet Cell Tumor,The study was stopped for not meeting the primary endpoint for PFS.,Novartis Pharmaceuticals
NCT01012297,pegfilgrastim,PEGFILGRASTIM,CHEMBL1201568,Protein,APPROVAL,CSF3R,1,Granulocyte colony stimulating factor receptor agonist,PHASE3,107,Recurrent Uterine Corpus Sarcoma|Stage IIIA Uterine Sarcoma|,"The study was targeted to accrue 130 patients, but closed early for futility.",National Cancer Institute (NCI)
NCT05226598,pembrolizumab,PEMBROLIZUMAB,CHEMBL3137343,Antibody,APPROVAL,PDCD1,1,Programmed cell death protein 1 inhibitor,PHASE3,739,Metastatic Non-Small Cell Lung Cancer,"MK-7684A-007 was terminated early due to futility. A non-submission CSR, not intended to support any registration, was issued; therefore, an abbreviated CSR was generated",Merck Sharp & Dohme LLC
NCT05226598,pemetrexed,PEMETREXED,CHEMBL225072,Small molecule,APPROVAL,DHFR;GART;TYMS,3,Dihydrofolate reductase inhibitor; GAR transformylase inhibitor; Thymidylate synthase inhibitor,PHASE3,739,Metastatic Non-Small Cell Lung Cancer,"MK-7684A-007 was terminated early due to futility. A non-submission CSR, not intended to support any registration, was issued; therefore, an abbreviated CSR was generated",Merck Sharp & Dohme LLC
NCT02310763,pf-06252616,DOMAGROZUMAB,CHEMBL3544991,Antibody,PHASE_2,MSTN,1,Growth/differentiation factor 8 inhibitor,PHASE2,121,Duchenne Muscular Dystrophy,Termination Date 30AUG2018: Reason for termination: Lack of Efficacy,Pfizer
NCT05267535,piromelatine,PIROMELATINE,CHEMBL4297523,Small molecule,PHASE_2_3,MTNR1A;MTNR1B,2,Melatonin receptor agonist,PHASE2/PHASE3,216,Alzheimer's Disease,Treatment with 20 mg piromelatine did not demonstrate efficacy over treatment with placebo based on analysis with the ADAS-Cog 14 subscale and with other cognitive and ne,Neurim Pharmaceuticals Ltd.
NCT01794000,prasugrel,PRASUGREL,CHEMBL1201772,Small molecule,APPROVAL,P2RY12,1,Purinergic receptor P2Y12 antagonist,PHASE3,341,Sickle Cell Disease,The study is being terminated for lack of efficacy.,Eli Lilly and Company
NCT03584516,prednisone,PREDNISONE,CHEMBL635,Small molecule,APPROVAL,NR3C1,1,Glucocorticoid receptor agonist,PHASE2/PHASE3,155,Chronic Graft-versus-host Disease,The study was terminated due to insufficient efficacy to support moving into Part 2 of the study; there were no safety concerns that contributed to this decision.,Incyte Corporation
NCT04598477,prednisone,PREDNISONE,CHEMBL635,Small molecule,APPROVAL,NR3C1,1,Glucocorticoid receptor agonist,PHASE3,183,Pemphigus Vulgaris|Pemphigus Foliaceus,"Based on the lack of observed efficacy in the primary study ARGX-113-1904, the sponsor decided to discontinue the open-label extension study.",argenx
NCT00676650,prednisone,PREDNISONE,CHEMBL635,Small molecule,APPROVAL,NR3C1,1,Glucocorticoid receptor agonist,PHASE3,873,Prostatic Neoplasms,Study A6181120 was prematurely discontinued due to futility on 27 September 2010. No new or unexpected safety issues were identified.,Pfizer
NCT02626455,prednisone,PREDNISONE,CHEMBL635,Small molecule,APPROVAL,NR3C1,1,Glucocorticoid receptor agonist,PHASE3,551,"Lymphoma, Non-Hodgkin",Company decided to terminate this study due to study did not meet the primary endpoint.,Bayer
NCT00822900,progesterone,PROGESTERONE,CHEMBL103,Small molecule,APPROVAL,PGR,1,Progesterone receptor agonist,PHASE3,882,Traumatic Brain Injury,futility: low conditional power to demonstrate benefit of progesterone,David Wright
NCT04759833,prucalopride,PRUCALOPRIDE,CHEMBL117287,Small molecule,APPROVAL,HTR4,1,Serotonin 4 (5-HT4) receptor agonist,PHASE3,175,Constipation,"Data Monitoring Committee (DMC) decision; terminated due to futility, with no safety concerns; FDA agreement to terminate the study.",Takeda
NCT00658645,quetiapine,QUETIAPINE,CHEMBL716,Small molecule,APPROVAL,DRD2;HTR2A;HTR2C,3,Dopamine D2 receptor antagonist; Serotonin 2a (5-HT2a) receptor antagonist; Serotonin 2c (5-HT2c) receptor antagonist,PHASE3,227,Schizophrenia,Interim analysis showed inadequate efficacy of bifeprunox,H. Lundbeck A/S
NCT00704509,quetiapine,QUETIAPINE,CHEMBL716,Small molecule,APPROVAL,DRD2;HTR2A;HTR2C,3,Dopamine D2 receptor antagonist; Serotonin 2a (5-HT2a) receptor antagonist; Serotonin 2c (5-HT2c) receptor antagonist,PHASE3,346,Schizophrenia,Interim analysis showed inadequate efficacy of bifeprunox,H. Lundbeck A/S
NCT04369469,ravulizumab,RAVULIZUMAB,CHEMBL3989986,Antibody,APPROVAL,C5,1,Complement C5 inhibitor,PHASE3,202,COVID-19 Severe Pneumonia|Acute Lung Injury|Acute Respirator,Met futility bar at interim analysis,"Alexion Pharmaceuticals, Inc."
NCT05746559,ravulizumab,RAVULIZUMAB,CHEMBL3989986,Antibody,APPROVAL,C5,1,Complement C5 inhibitor,PHASE3,555,Chronic Kidney Disease|CKD|Cardiac Disease|Cardiopulmonary B,The ALXN1210-CSA-AKI-318 trial was discontinued on 29-Apr-2026 due to lack of efficacy in this overall study universe / patient population.,"Alexion Pharmaceuticals, Inc."
NCT04248465,ravulizumab,RAVULIZUMAB,CHEMBL3989986,Antibody,APPROVAL,C5,1,Complement C5 inhibitor,PHASE3,382,Amyotrophic Lateral Sclerosis|ALS,The IDMC recommended the study be discontinued due to lack of efficacy with ravulizumab.,"Alexion Pharmaceuticals, Inc."
NCT03736967,regn3500,ITEPEKIMAB,CHEMBL4594594,Antibody,PHASE_3,IL33,1,Interleukin-33 inhibitor,PHASE2,206,Atopic Dermatitis,Lack of efficacy,Regeneron Pharmaceuticals
NCT04944784,reldesemtiv,RELDESEMTIV,CHEMBL4297600,Small molecule,PHASE_3,TNNC2;TNNI2;TNNT3,3,Fast skeletal troponin complex activator,PHASE3,489,Amyotrophic Lateral Sclerosis,The DMC recommended the trial be discontinued due to futility following a planned second interim analysis.,Cytokinetics
NCT00607971,renzapride,RENZAPRIDE,CHEMBL296522,Small molecule,PHASE_3,HTR3A;HTR3B;HTR3C;HTR3D;HTR3E;HTR4,6,Serotonin 3 (5-HT3) receptor antagonist; Serotonin 4 (5-HT4) receptor agonist,PHASE3,939,Constipation-Predominant Irritable Bowel Syndrome,Terminated due to insufficient efficacy over placebo in Study ATL1251/038/CL.,Alizyme
NCT05254990,reparixin,REPARIXIN,CHEMBL191413,Small molecule,PHASE_3,CXCR1;CXCR2,2,Interleukin-8 receptor A modulator; Interleukin-8 receptor B modulator,PHASE3,414,Infectious Pneumonia|Severe COVID-19,The study was stopped due to futility as per protocol,Dompé Farmaceutici S.p.A
NCT03762265,rilzabrutinib,RILZABRUTINIB,CHEMBL3702854,Small molecule,APPROVAL,BTK,1,Tyrosine-protein kinase BTK inhibitor,PHASE3,131,Pemphigus,Sponsor decision based on lack of efficacy,"Principia Biopharma, a Sanofi Company"
NCT01232556,rituximab,RITUXIMAB,CHEMBL1201576,Antibody,APPROVAL,MS4A1,1,B-lymphocyte antigen CD20 binding agent,PHASE3,338,"Lymphoma, Non-Hodgkin","The study was terminated prematurely on May 16, 2013, for futility. No new or unexpected safety issues were identified.",Pfizer
NCT01200589,rituximab,RITUXIMAB,CHEMBL1201576,Antibody,APPROVAL,MS4A1,1,B-lymphocyte antigen CD20 binding agent,PHASE3,438,Non-Hodgkin's Lymphoma,The study stopped due to futility.,Novartis Pharmaceuticals
NCT02626455,rituximab,RITUXIMAB,CHEMBL1201576,Antibody,APPROVAL,MS4A1,1,B-lymphocyte antigen CD20 binding agent,PHASE3,551,"Lymphoma, Non-Hodgkin",Company decided to terminate this study due to study did not meet the primary endpoint.,Bayer
NCT04504032,rivaroxaban,RIVAROXABAN,CHEMBL198362,Small molecule,APPROVAL,F10,1,Coagulation factor X inhibitor,PHASE2,497,COVID-19,"Based on Data Monitoring Committee''s recommendation on 3 February 2021, the study was stopped on 4 February 2021 due to futility.",Gates Medical Research Institute
NCT00471237,ronacaleret,RONACALERET,CHEMBL1198855,Small molecule,PHASE_2,CASR,1,Calcium sensing receptor antagonist,PHASE2,564,Osteoporosis,Terminated for futility by sponsor after a pre-planned interim review of data,GlaxoSmithKline
NCT00979121,rosuvastatin,ROSUVASTATIN,CHEMBL1496,Small molecule,APPROVAL,HMGCR,1,HMG-CoA reductase inhibitor,PHASE3,745,Sepsis|Acute Lung Injury,stopped for futility,"National Heart, Lung, and Blood Institut"
NCT04551053,ruxolitinib,RUXOLITINIB,CHEMBL1789941,Small molecule,APPROVAL,JAK1;JAK2;JAK3;TYK2,4,Tyrosine-protein kinase JAK1 inhibitor; Tyrosine-protein kinase JAK2 inhibitor; Tyrosine-protein kinase JAK3 inhibitor; ,PHASE3,177,Myelofibrosis|Primary Myelofibrosis|Post Essential Thrombocy,The study was terminated due to futility.,Incyte Corporation
NCT04551066,ruxolitinib,RUXOLITINIB,CHEMBL1789941,Small molecule,APPROVAL,JAK1;JAK2;JAK3;TYK2,4,Tyrosine-protein kinase JAK1 inhibitor; Tyrosine-protein kinase JAK2 inhibitor; Tyrosine-protein kinase JAK3 inhibitor; ,PHASE3,252,Myelofibrosis|Primary Myelofibrosis|Post Essential Thrombocy,The study was terminated due to futility.,Incyte Corporation
NCT02928445,rvt-101,INTEPIRDINE,CHEMBL1083390,Small molecule,PHASE_3,HTR6,1,Serotonin 6 (5-HT6) receptor antagonist,PHASE2/PHASE3,240,Dementia With Lewy Bodies,Intepirdine did not meet its primary efficacy endpoints in the lead-in study RVT-101-2001.,Axovant Sciences Ltd.
NCT04181762,secukinumab,SECUKINUMAB,CHEMBL1743068,Antibody,APPROVAL,IL17A,1,Interleukin 17A inhibitor,PHASE3,275,Lupus Nephritis,Study terminated by sponsor due to futility analysis,Novartis Pharmaceuticals
NCT02508649,selepressin,SELEPRESSIN,CHEMBL1817709,Protein,PHASE_2_3,AVPR1A,1,Vasopressin V1a receptor agonist,PHASE2/PHASE3,868,Septic Shock,Terminated due to futility,Ferring Pharmaceuticals
NCT03689244,selexipag,SELEXIPAG,CHEMBL238804,Small molecule,APPROVAL,PTGIR,1,Prostanoid IP receptor agonist,PHASE3,128,Chronic Thromboembolic Pulmonary Hypertension,"The study did not demonstrate efficacy on the primary endpoint, PVR vs. placebo at wk 20 at a planned interim analysis.",Actelion
NCT00120289,simvastatin,SIMVASTATIN,CHEMBL1064,Small molecule,APPROVAL,HMGCR,1,HMG-CoA reductase inhibitor,PHASE3,3414,Cardiovascular Diseases|Heart Diseases|Cerebrovascular Accid,AIM-HIGH was stopped on the recommendation of the DSMB because of lack of efficacy of niacin in preventing primary outcome events.,Axio Research. LLC
NCT01057758,simvastatin,SIMVASTATIN,CHEMBL1064,Small molecule,APPROVAL,HMGCR,1,HMG-CoA reductase inhibitor,PHASE3,300,Pneumonia,stopped for futility,Assistance Publique Hopitaux De Marseill
NCT01061671,simvastatin,SIMVASTATIN,CHEMBL1064,Small molecule,APPROVAL,HMGCR,1,HMG-CoA reductase inhibitor,PHASE3,885,"Pulmonary Disease, Chronic Obstructive",Futility,University of Minnesota
NCT01127633,solanezumab,SOLANEZUMAB,CHEMBL1743072,Antibody,PHASE_3,APP,1,Amyloid-beta A4 protein binding agent,PHASE3,1457,Alzheimer's Disease,Solanezumab did not meet the primary endpoint in study H8A-MC-LZAX.,Eli Lilly and Company
NCT01900665,solanezumab,SOLANEZUMAB,CHEMBL1743072,Antibody,PHASE_3,APP,1,Amyloid-beta A4 protein binding agent,PHASE3,2129,Alzheimer's Disease,Solanezumab did not meet the study's primary endpoint.,Eli Lilly and Company
NCT05163314,soticlestat,SOTICLESTAT,CHEMBL4298172,Small molecule,PHASE_3,CYP46A1,1,Cholesterol 24-hydroxylase inhibitor,PHASE3,352,Dravet Syndrome (DS)|Lennox Gastaut Syndrome (LGS),Due to negative results from phase 3 SKYLINE and SKYWAY studies and unrelated to patient safety it has been determined that supplementary data from TAK-935-3003 study is ,Takeda
NCT03635073,soticlestat,SOTICLESTAT,CHEMBL4298172,Small molecule,PHASE_3,CYP46A1,1,Cholesterol 24-hydroxylase inhibitor,PHASE2,156,Epilepsy|Dravet Syndrome (DS)|Lennox-Gastaut Syndrome (LGS),Due to negative results from phase 3 SKYLINE and SKYWAY studies and unrelated to patient safety it has been determined that supplementary data from TAK-935-18-001 study i,Takeda
NCT01436175,spd489 antidepressant,LISDEXAMFETAMINE DIMESYLATE,CHEMBL1201178,Small molecule,APPROVAL,SLC18A2;SLC6A2;SLC6A3,3,Dopamine transporter releasing agent; Norepinephrine transporter releasing agent; Synaptic vesicular amine transporter i,PHASE3,1570,Major Depressive Disorder,SPD489 failed to demonstrate a benefit as adjunctive treatment to antidepressants. Termination was not related to any new safety findings.,Shire
NCT02691182,spn-810,MOLINDONE,CHEMBL460,Small molecule,APPROVAL,DRD2;HTR2A,2,Dopamine D2 receptor antagonist; Serotonin 2a (5-HT2a) receptor antagonist,PHASE3,491,Attention Deficit Hyperactivity Disorder (ADHD),The program was shut down due to a lack of efficacy.,"Supernus Pharmaceuticals, Inc."
NCT01337154,tamibarotene,TAMIBAROTENE,CHEMBL25202,Small molecule,PHASE_3,RARA;RARB,2,Retinoic acid receptor alpha agonist; Retinoic acid receptor beta agonist,PHASE2,140,Stage IIIB Non-small Cell Lung Cancer With Pleural Effusion|,Interim analysis showed that the primary endpoint would not be met.,CytRx
NCT02518971,tamsulosin,TAMSULOSIN,CHEMBL836,Small molecule,APPROVAL,ADRA1A;ADRA1B;ADRA1D,3,Adrenergic receptor alpha-1 antagonist,PHASE3,176,Postoperative Urinary Retention,interim analysis revealed no significant difference between study groups \& increased sample size required to gain significance.,University of Michigan
NCT02975349,tecfidera,DIMETHYL FUMARATE,CHEMBL2107333,Small molecule,APPROVAL,KEAP1,1,Kelch-like ECH-associated protein 1 inhibitor,PHASE2,267,Relapsing-remitting Multiple Sclerosis,Results from the EVOLUTION clinical trials showed evobrutinib did not meet its primary endpoint of annualized relapse rate for up to 156 weeks compared to oral teriflunom,EMD Serono Research & Development Instit
NCT00471237,teriparatide,TERIPARATIDE,CHEMBL525610,Protein,APPROVAL,PTH1R,1,Parathyroid hormone receptor agonist,PHASE2,564,Osteoporosis,Terminated for futility by sponsor after a pre-planned interim review of data,GlaxoSmithKline
NCT02418572,testosterone,TESTOSTERONE,CHEMBL386630,Small molecule,APPROVAL,AR,1,Androgen Receptor agonist,PHASE3,290,Infertility|Poor Ovarian Response,"Having reached the sample size described for the interim analysis and having seen the post-interim results, the sponsor has decided to stop the trial due to futility.",Fundacion Dexeus
NCT03567291,tev-50717,DEUTETRABENAZINE,CHEMBL3137326,Small molecule,APPROVAL,SLC18A2,1,Synaptic vesicular amine transporter inhibitor,PHASE3,228,Tourette Syndrome,The parent trials did not meet the primary endpoints of reduction in motor and phonic tics.,Teva Branded Pharmaceutical Products R&D
NCT03809663,tezepelumab,TEZEPELUMAB,CHEMBL3707229,Antibody,APPROVAL,TSLP,1,Thymic stromal lymphopoietin inhibitor,PHASE2,251,Atopic Dermatitis,Tezepelumab as a monotherapy in atopic dermatitis did not reach the targeted efficacy level pre-established for this patient population.,Amgen
NCT03712787,tilavonemab,TILAVONEMAB,CHEMBL4297860,Antibody,PHASE_2,MAPT,1,Microtubule-associated protein tau inhibitor,PHASE2,364,Alzheimer's Disease,Discontinued because of lack of efficacy in the parent study (Study M15-566; NCT02880956).,AbbVie
NCT01244191,tivantinib,TIVANTINIB,CHEMBL2103882,Small molecule,PHASE_3,MET,1,Hepatocyte growth factor receptor inhibitor,PHASE3,1048,"Non Squamous, Non-small-cell Lung Cancer",Sponsor decision due to the protocol-defined stopping boundary for futility was met based on the interim OS data.,Daiichi Sankyo
NCT01209689,tocilizumab,TOCILIZUMAB,CHEMBL1237022,Antibody,APPROVAL,IL6R,1,Interleukin-6 receptor alpha subunit inhibitor,PHASE3,113,"Spondylitis, Ankylosing",Clinical development program terminated due to failure to achieve efficacy,Hoffmann-La Roche
NCT01227512,tolvaptan,TOLVAPTAN,CHEMBL344159,Small molecule,APPROVAL,AVPR2,1,Vasopressin V2 receptor antagonist,PHASE3,124,Hyponatremia|Dilutional Hyponatremia|Inappropriate ADH Syndr,"Recruitment challenges and results of interim futility analysis, which showed less than likely to achieve primary endpoint goal-length of hospital stay.",Otsuka Pharmaceutical Development & Comm
NCT00097344,toremifene,TOREMIFENE,CHEMBL1655,Small molecule,APPROVAL,ESR1;ESR2,2,Estrogen receptor modulator,PHASE3,842,"Breast Neoplasms|Neoplasms, Hormone-Dependent",Identical study Biomed 777-CLP-029 did not meet superiority endpoint,Intarcia Therapeutics
NCT00267553,toremifene,TOREMIFENE,CHEMBL1655,Small molecule,APPROVAL,ESR1;ESR2,2,Estrogen receptor modulator,PHASE3,200,"Breast Neoplasms|Neoplasms, Hormone-Dependent",This was a follow-on study to Biomed 777-CLP-029 which did not meet superiority endpoint,Intarcia Therapeutics
NCT00059202,ursodeoxycholic acid,URSODIOL,CHEMBL1551,Small molecule,APPROVAL,NR1H4,1,Bile acid receptor FXR agonist,PHASE2/PHASE3,150,Primary Sclerosing Cholangitis,DSMB reviewed interim analysis and terminated the study due to futility.,National Institute of Diabetes and Diges
NCT05079230,venetoclax,VENETOCLAX,CHEMBL3137309,Small molecule,APPROVAL,BCL2,1,Apoptosis regulator Bcl-2 inhibitor,PHASE3,378,Acute Myeloid Leukemia,Study was terminated due to futility,Gilead Sciences
NCT03523728,venglustat,VENGLUSTAT,CHEMBL4297611,Small molecule,PHASE_3,UGCG,1,Ceramide glucosyltransferase inhibitor,PHASE2/PHASE3,478,"Polycystic Kidney, Autosomal Dominant",Interim analysis for futility of the Stage 1 of the EFC15392 study met the protocol specified stopping rule based on the primary endpoint. EFC15392 study was stopped for ,"Genzyme, a Sanofi Company"
NCT02906020,venglustat gz sar402671,VENGLUSTAT,CHEMBL4297611,Small molecule,PHASE_3,UGCG,1,Ceramide glucosyltransferase inhibitor,PHASE2,273,Parkinson's Disease,The topline results of the 52-week double-blind placebo-controlled period were analyzed. The study did not meet the primary or secondary endpoints. Based on these results,"Genzyme, a Sanofi Company"
NCT00354432,venlafaxine,VENLAFAXINE,CHEMBL637,Small molecule,APPROVAL,SLC6A2;SLC6A4,2,Norepinephrine transporter inhibitor; Serotonin transporter inhibitor,PHASE3,120,Hot Flashes|Prostate Cancer,Stopped by the DSMB for lack of effect per interim stopping rule.,Wake Forest University Health Sciences
NCT00279422,visilizumab,VISILIZUMAB,CHEMBL2108811,Antibody,PHASE_3,CD3E,1,T-cell surface glycoprotein CD3 epsilon chain inhibitor,PHASE2/PHASE3,127,Ulcerative Colitis,"DMC recommendation, no efficacy",Facet Biotech
NCT00464061,volinanserin,VOLINANSERIN,CHEMBL74355,Small molecule,PHASE_3,HTR2A,1,Serotonin 2a (5-HT2a) receptor antagonist,PHASE3,1847,Sleep Initiation and Maintenance Disorders,Sponsor's decision due to absence of demonstration of efficacy of volinanserin in primary insomnia with predominant sleep maintenance problems,Sanofi
NCT01767857,xilonix,BERMEKIMAB,CHEMBL2109653,Antibody,APPROVAL,IL1A,1,Interleukin-1 alpha inhibitor,PHASE3,643,Metastatic Colorectal Cancer,The study crossed the prospective futility boundary of primary endpoint,"Janssen Research & Development, LLC"
NCT03517566,zpl389,ADRIFORANT,CHEMBL1915540,Small molecule,PHASE_2,HRH4,1,Histamine H4 receptor antagonist,PHASE2,293,Atopic Dermatitis,Lack of efficacy,Novartis Pharmaceuticals
