symbol,gene_id,LOEUF,pLI,mis_z,exp_lof,obs_lof,n_variants,n_common,n_common_func,n_common_lof,cum_maf_func,tolerance,burden,score,rank,trials,n_trials
MUC5AC,ENSG00000215182,1.0622766088513609,4.474212675253393e-50,-9.737246489753892,169.7237614251194,158.0,30794.0,212.0,87.0,2.0,10.7847,0.5311383044256804,0.9113884281752019,0.484,1,CLIVATUZUMAB TETRAXETAN (NCT01956812),1
MUC16,ENSG00000181143,0.8099446641092592,2.2477254812521698e-155,-8.211260320935963,824.3956384585254,625.0,49618.0,349.0,135.0,0.0,23.321,0.4049723320546296,1.0,0.405,2,ABAGOVOMAB (NCT00418574),1
DRD4,ENSG00000069696,1.6299264875973367,1.0280908139937256e-10,-4.75889174564733,22.133886624967868,26.0,4298.0,18.0,8.0,1.0,0.6443,0.8149632437986684,0.44725807703608195,0.364,3,HALOPERIDOL (NCT03628391),1
ADRA1A,ENSG00000120907,1.4141233759876264,1.2759670700031432e-11,-0.3118355792913164,29.58555885701343,31.0,2805.0,21.0,7.0,0.0,0.8042,0.7070616879938132,0.4232826424908286,0.299,4,TAMSULOSIN (NCT02518971),1
HTR3D,ENSG00000186090,1.309823818432409,6.525863692060873e-17,1.1156479093569338,45.75842094627207,47.0,2315.0,19.0,7.0,2.0,1.5787,0.6549119092162045,0.4232826424908286,0.277,5,RENZAPRIDE (NCT00607971),1
P2RX7,ENSG00000089041,1.070275568441513,1.058245320117435e-18,0.9739478616775388,71.56937300130843,62.0,3667.0,31.0,11.0,0.0,1.6516,0.5351377842207565,0.5058174668452601,0.271,6,CE-224535 (NCT00418782),1
MTNR1B,ENSG00000134640,1.8810563779635867,0.0022660547945759,0.1649181837949082,6.989749991792451,7.0,1666.0,5.0,3.0,0.0,0.5481,0.9405281889817934,0.2821884283272191,0.265,7,PIROMELATINE (NCT05267535),1
OPRM1,ENSG00000112038,1.170970418800297,1.2938485120585771e-08,-0.470390462671226,31.797696578708177,27.0,3753.0,21.0,6.0,2.0,0.7192,0.5854852094001485,0.39610153660605896,0.232,8,BUPRENORPHINE (NCT00270257),1
MTNR1A,ENSG00000168412,2.3959913824108696,0.0009265121453134,0.4620767261255031,5.487546365547593,7.0,1298.0,5.0,2.0,0.0,0.0324,1.0,0.22362903851804097,0.224,9,PIROMELATINE (NCT05267535),1
HRH4,ENSG00000134489,1.870907163546231,2.050569085435483e-05,0.7670957890396566,10.392054565156714,12.0,1219.0,2.0,2.0,0.0,0.1706,0.9354535817731156,0.22362903851804097,0.209,10,ADRIFORANT (NCT03517566),1
MYH7B,ENSG00000078814,0.9816488064482036,4.8496918675177484e-60,-0.154335884063458,234.46551146213343,205.0,12937.0,43.0,6.0,0.0,0.3529,0.4908244032241018,0.39610153660605896,0.194,11,MAVACAMTEN (NCT05582395),1
S1PR3,ENSG00000213694,1.4588782418757773,0.0001201796545671,0.987226913186252,13.32706786065738,12.0,2281.0,4.0,2.0,0.0,0.0558,0.7294391209378887,0.22362903851804097,0.163,12,FINGOLIMOD HYDROCHLORIDE (NCT00731692),1
MAPT,ENSG00000186868,0.6663140018008595,0.0002097821928818,2.991546913602262,67.93435616706253,34.0,4918.0,36.0,9.0,0.0,1.2849,0.33315700090042977,0.468704834056149,0.156,13,GOSURANEMAB (NCT03352557); POSDINEMAB (NCT04619420); TILAVONEMAB (NCT03712787),3
MASP2,ENSG00000009724,1.0892887124836723,6.9750395156799586e-15,-0.3631499168161304,57.07491135224075,49.0,3999.0,8.0,3.0,0.0,0.2859,0.5446443562418362,0.2821884283272191,0.154,14,NARSOPLIMAB (NCT03608033),1
ADORA3,ENSG00000282608,1.354961828890992,0.1662564566355973,0.9946422096436752,5.722416943862493,3.0,929.0,5.0,2.0,0.0,0.1371,0.677480914445496,0.22362903851804097,0.152,15,ADENOSINE (NCT00612521); CAFFEINE CITRATE (NCT03340727),2
HTR3C,ENSG00000178084,1.061724605218599,2.438400652766515e-09,0.6115983024753927,40.483618359551755,32.0,2219.0,8.0,3.0,0.0,0.9092,0.5308623026092995,0.2821884283272191,0.15,16,RENZAPRIDE (NCT00607971),1
HTR3B,ENSG00000149305,1.323180797507873,6.603480547670085e-16,0.1744161505512032,42.75503028598104,44.0,2293.0,10.0,2.0,0.0,0.3618,0.6615903987539365,0.22362903851804097,0.148,17,RENZAPRIDE (NCT00607971),1
CETP,ENSG00000087237,1.051557707214276,1.5749578380294284e-16,-0.0414388136446097,66.53024029899663,56.0,3369.0,12.0,3.0,0.0,0.4342,0.525778853607138,0.2821884283272191,0.148,18,EVACETRAPIB (NCT01687998); EVACETRAPIB (NCT02260648),2
CALCA,ENSG00000110680,1.3274459943439068,0.0949807134224893,0.138147116047296,6.895586762579913,4.0,952.0,5.0,2.0,0.0,0.0338,0.6637229971719534,0.22362903851804097,0.148,19,FREMANEZUMAB (NCT02945046); FREMANEZUMAB (NCT03107052),2
HTR3E,ENSG00000186038,1.310189340383442,1.6419859300426365e-13,0.6734052850397387,38.01623332362402,38.0,2453.0,12.0,2.0,1.0,0.4683,0.655094670191721,0.22362903851804097,0.146,20,RENZAPRIDE (NCT00607971),1
S1PR4,ENSG00000125910,11.75701337733624,0.1222047393236077,-0.6713400535605777,0.4034923127275868,1.0,1611.0,3.0,1.0,0.0,0.0118,1.0,0.14109421416360954,0.141,21,ETRASIMOD (NCT04173273); FINGOLIMOD HYDROCHLORIDE (NCT00731692),2
GRIN3A,ENSG00000198785,0.6485120022124734,5.028004863213447e-06,0.7898461949273515,92.41998520429358,47.0,3790.0,20.0,7.0,0.0,1.1299,0.3242560011062367,0.4232826424908286,0.137,22,AMANTADINE (NCT04952519); AV-101 (NCT05036135); AV-101 (NCT05557942),3
IL4R,ENSG00000077238,0.6146853218068525,0.3075812364711418,0.9120263509409776,41.48338861891309,17.0,4283.0,22.0,8.0,0.0,1.2224,0.30734266090342627,0.44725807703608195,0.137,23,DUPILUMAB (NCT03736967); DUPILUMAB (NCT04791319),2
ADRB2,ENSG00000169252,0.908359556794486,0.001663633982165,1.900235237373049,25.42729868076336,15.0,1171.0,13.0,3.0,0.0,0.7913,0.454179778397243,0.2821884283272191,0.128,24,ALBUTEROL SULFATE (NCT00434993),1
IL17RA,ENSG00000177663,0.897923221802442,3.3004012501368535e-08,-1.324104377550649,50.4114512447697,34.0,4871.0,14.0,3.0,0.0,0.3826,0.448961610901221,0.2821884283272191,0.127,25,BRODALUMAB (NCT01902290),1
ACE,ENSG00000159640,0.8736380337442785,7.628967825190318e-31,-0.6541346462981114,162.30164607995275,122.0,11435.0,28.0,3.0,1.0,0.067,0.43681901687213925,0.2821884283272191,0.123,26,RAMIPRIL (NCT00318474),1
ADRA1D,ENSG00000171873,1.6934255435095007,2.9949909509566204e-09,0.0108841454015918,18.551043077216836,22.0,2846.0,5.0,1.0,0.0,0.2553,0.8467127717547503,0.14109421416360954,0.119,27,TAMSULOSIN (NCT02518971),1
MYH6,ENSG00000197616,0.6545288558678166,8.873172428211332e-20,4.203836840437979,223.19478769191247,126.0,10129.0,52.0,5.0,0.0,0.5795,0.3272644279339083,0.36472325268165046,0.119,28,MAVACAMTEN (NCT05582395),1
PTGS1,ENSG00000095303,0.8262494686943145,1.1441435074558526e-08,1.1784113232006213,63.01894414216066,40.0,2938.0,12.0,3.0,0.0,0.1612,0.41312473434715724,0.2821884283272191,0.117,29,INDOMETHACIN (NCT01774604); LORNOXICAM (NCT02626455); MESALAMINE (NCT01038739); NAPROXEN (NCT00418782),4
MYL7,ENSG00000106631,1.6576516014254956,2.906365758375902e-11,0.5047432353782316,22.461995058331446,27.0,1774.0,4.0,1.0,0.0,0.0622,0.8288258007127478,0.14109421416360954,0.117,30,MAVACAMTEN (NCT05582395),1
GRIN2C,ENSG00000161509,1.0139971653990307,2.4838332910056287e-18,-0.6971386624848904,77.71714187231791,64.0,7729.0,13.0,2.0,0.0,0.4085,0.5069985826995154,0.22362903851804097,0.113,31,AMANTADINE (NCT04952519); AV-101 (NCT05036135); AV-101 (NCT05557942),3
LTA,ENSG00000226979,0.7824824426617382,0.38027653978416,2.0646427437317105,15.134391529778616,6.0,855.0,7.0,3.0,0.0,0.6726,0.3912412213308691,0.2821884283272191,0.11,32,BAMINERCEPT (NCT00458861),1
CYP19A1,ENSG00000137869,0.9679695772818246,1.868334087451208e-08,0.6712577165322224,44.40475685332528,32.0,2852.0,10.0,2.0,0.0,0.085,0.4839847886409123,0.22362903851804097,0.108,33,ANASTROZOLE (NCT01151215); LETROZOLE (NCT00097344); LETROZOLE (NCT00267553),3
ESR2,ENSG00000140009,0.958813332697579,1.8378590598779322e-09,-0.3397191638434963,49.58288721420661,36.0,3400.0,11.0,2.0,0.0,0.2574,0.4794066663487895,0.22362903851804097,0.107,34,ERTEBEREL (NCT01097707); TOREMIFENE (NCT00097344); TOREMIFENE (NCT00267553),3
C5,ENSG00000106804,0.7362694859798824,3.406686481823717e-28,2.5909447390623677,218.78311884087424,140.0,8762.0,33.0,3.0,0.0,0.5808,0.3681347429899412,0.2821884283272191,0.104,35,RAVULIZUMAB (NCT04248465); RAVULIZUMAB (NCT04369469); RAVULIZUMAB (NCT05746559),3
IFNGR1,ENSG00000027697,0.9215989815268542,1.295980950396346e-05,0.8905052116673625,35.35744407811655,23.0,2258.0,16.0,2.0,0.0,0.1672,0.4607994907634271,0.22362903851804097,0.103,36,INTERFERON GAMMA-1B (NCT00047632),1
PARP2,ENSG00000129484,0.9139945460763864,1.5474021456562562e-14,0.6181548596084989,77.75656903490278,57.0,3538.0,19.0,2.0,0.0,0.0761,0.4569972730381932,0.22362903851804097,0.102,37,NIRAPARIB (NCT01905592),1
FGA,ENSG00000171560,1.433585420138699,1.633668921970505e-07,0.1171630958900849,20.272261723771074,20.0,3100.0,4.0,1.0,0.0,0.2686,0.7167927100693495,0.14109421416360954,0.101,38,ANCROD (NCT00300196),1
AVPR1A,ENSG00000166148,1.3299111197626512,4.581875985722761e-11,0.0919793985811833,31.458967257020305,31.0,1567.0,10.0,1.0,0.0,0.0104,0.6649555598813256,0.14109421416360954,0.094,39,BALOVAPTAN (NCT03504917); SELEPRESSIN (NCT02508649),2
ITGB7,ENSG00000139626,0.825306677874159,3.0812724887568853e-12,1.6565022187769407,83.42442122125127,55.0,4061.0,9.0,2.0,0.0,0.0317,0.4126533389370795,0.22362903851804097,0.092,40,NATALIZUMAB (NCT01416181),1
AVPR2,ENSG00000126895,0.6443696824771261,0.8385899889561417,1.5760230906919257,12.032931931442889,3.0,1133.0,3.0,3.0,0.0,0.4264,0.32218484123856306,0.2821884283272191,0.091,41,TOLVAPTAN (NCT01227512),1
ADORA2B,ENSG00000170425,1.2854756513418015,3.200218938216762e-06,-0.3798475852510513,20.764119712126263,18.0,1313.0,1.0,1.0,0.0,0.0416,0.6427378256709008,0.14109421416360954,0.091,42,ADENOSINE (NCT00612521); CAFFEINE CITRATE (NCT03340727),2
IL5RA,ENSG00000091181,1.2436135423322785,7.151636264155508e-17,-1.8979850888370575,49.992264144539824,49.0,2733.0,7.0,1.0,0.0,0.3678,0.6218067711661392,0.14109421416360954,0.088,43,BENRALIZUMAB (NCT04543409),1
GUCY1B1,ENSG00000061918,0.7814235176880462,1.5189116268852746e-08,3.4033375452151464,70.95896163375798,43.0,4581.0,14.0,2.0,1.0,0.4288,0.3907117588440231,0.22362903851804097,0.087,44,NITRIC OXIDE (NCT02725372),1
SCN4A,ENSG00000007314,0.6149036175848166,3.989955524085374e-10,2.29069938031806,162.01252621662678,83.0,9659.0,33.0,3.0,0.0,0.5603,0.3074518087924083,0.2821884283272191,0.087,45,BUPIVACAINE HYDROCHLORIDE (NCT04826484),1
AGER,ENSG00000204305,1.2046980106610885,2.524381978027315e-15,0.4880550978822594,48.822049219535955,46.0,1975.0,10.0,1.0,0.0,0.0561,0.6023490053305443,0.14109421416360954,0.085,46,AZELIRAGON (NCT02080364); AZELIRAGON (NCT02916056),2
HTR2A,ENSG00000102468,0.7062348930472357,0.0854766961320053,2.3387715745679616,30.990377462710903,14.0,1213.0,8.0,2.0,0.0,0.1088,0.3531174465236179,0.22362903851804097,0.079,47,HALOPERIDOL (NCT03628391); MOLINDONE (NCT02691182); QUETIAPINE (NCT00658645); QUETIAPINE (NCT00704509); VOLINANSERIN (NCT00464061),5
AR,ENSG00000169083,0.2678959772318074,0.9999999258965238,1.6192595365726652,53.88154710029921,8.0,3156.0,20.0,17.0,0.0,0.6377,0.1339479886159037,0.5883522911996913,0.079,48,GALETERONE (NCT01709734); OXANDROLONE (NCT00101361); TESTOSTERONE (NCT02418572),3
IL1A,ENSG00000115008,1.094521165322497,9.107414011502668e-05,0.1139097263208127,22.202570816880293,16.0,1291.0,2.0,1.0,0.0,0.2868,0.5472605826612486,0.14109421416360954,0.077,49,BERMEKIMAB (NCT01767857); BERMEKIMAB (NCT04791319),2
CD22,ENSG00000012124,0.6802066440557134,1.147701087026629e-07,1.6949008591827093,94.67998368791868,51.0,3841.0,20.0,2.0,1.0,0.231,0.3401033220278567,0.22362903851804097,0.076,50,INOTUZUMAB OZOGAMICIN (NCT01232556),1
HTR1A,ENSG00000178394,1.0373287262024793,9.002870834096965e-05,0.899594564261914,24.58162917767116,17.0,1117.0,3.0,1.0,0.0,0.0115,0.5186643631012396,0.14109421416360954,0.073,51,BIFEPRUNOX (NCT00658645); BIFEPRUNOX (NCT00704509),2
IL6R,ENSG00000160712,1.0306443947755963,7.935281835363993e-11,1.4455656815477496,48.32749677252822,38.0,3275.0,13.0,1.0,0.0,0.383,0.5153221973877982,0.14109421416360954,0.073,52,TOCILIZUMAB (NCT01209689),1
TNFSF14,ENSG00000125735,1.0161215016684648,0.0004197253094688,0.9251673996041512,22.73067711116623,15.0,1185.0,4.0,1.0,0.0,0.0539,0.5080607508342324,0.14109421416360954,0.072,53,BAMINERCEPT (NCT00458861),1
S1PR2,ENSG00000267534,0.9751986300096742,0.0238288979845237,2.458155008709864,16.104633393465345,9.0,959.0,2.0,1.0,0.0,0.0109,0.4875993150048371,0.14109421416360954,0.069,54,FINGOLIMOD HYDROCHLORIDE (NCT00731692),1
PGR,ENSG00000082175,0.4587596174937386,0.9987107926701202,0.6496849875546256,76.10975081171054,25.0,4452.0,11.0,3.0,0.0,0.3095,0.2293798087468693,0.2821884283272191,0.065,55,PROGESTERONE (NCT00822900),1
PDGFRB,ENSG00000113721,0.4520776683312391,0.999581662969727,3.632841586757296,120.16507403977852,42.0,7233.0,29.0,3.0,0.0,0.0524,0.22603883416561954,0.2821884283272191,0.064,56,IMATINIB MESYLATE (NCT00124748); MOTESANIB (NCT00460317); MOTESANIB (NCT02629848),3
CD86,ENSG00000114013,0.5676588101621431,0.8646576120622828,0.8429791259347507,32.07474969991737,11.0,1599.0,5.0,2.0,0.0,0.3664,0.2838294050810716,0.22362903851804097,0.063,57,ABATACEPT (NCT00430677); ABATACEPT (NCT00534313),2
IFNGR2,ENSG00000159128,0.5625904293965285,0.8067107462279989,1.124025846793124,41.0549638836102,15.0,2521.0,9.0,2.0,0.0,0.1766,0.28129521469826424,0.22362903851804097,0.063,58,INTERFERON GAMMA-1B (NCT00047632),1
TNNT3,ENSG00000130595,0.8771704364395849,1.885615597017091e-08,0.9506054577719032,54.19782901894004,36.0,3518.0,9.0,1.0,1.0,0.0124,0.43858521821979246,0.14109421416360954,0.062,59,RELDESEMTIV (NCT04944784),1
ACHE,ENSG00000087085,0.5176770906385761,0.9482610303574964,3.576647987631912,53.854497607868474,19.0,2937.0,3.0,2.0,0.0,0.4652,0.25883854531928807,0.22362903851804097,0.058,60,DONEPEZIL (NCT01852110),1
NISCH,ENSG00000010322,0.4975876543556854,0.7136005570728154,3.4522254475622565,138.36905182231374,55.0,7695.0,29.0,2.0,0.0,0.217,0.2487938271778427,0.22362903851804097,0.056,61,MOXONIDINE (NCT00244504),1
FDPS,ENSG00000160752,0.7985033151294959,9.8590536536956e-06,2.0768077205095805,49.51885796180054,29.0,2456.0,8.0,1.0,0.0,0.0233,0.39925165756474795,0.14109421416360954,0.056,62,ALENDRONIC ACID (NCT00471237),1
DRD3,ENSG00000151577,0.7671641620005287,0.002913253489572,0.7650013660350657,36.34064391999624,19.0,1672.0,4.0,1.0,0.0,0.3577,0.38358208100026436,0.14109421416360954,0.054,63,HALOPERIDOL (NCT03628391),1
CD80,ENSG00000121594,0.7619186700759187,0.0441195555629678,1.6200470341104134,27.127001722709124,13.0,1217.0,3.0,1.0,0.0,0.0153,0.38095933503795937,0.14109421416360954,0.054,64,ABATACEPT (NCT00430677); ABATACEPT (NCT00534313),2
PPARA,ENSG00000186951,0.744399409749531,0.0013729770442125,2.4758526665599256,42.201551739911054,22.0,1706.0,6.0,1.0,0.0,0.0573,0.3721997048747655,0.14109421416360954,0.053,65,ELAFIBRANOR (NCT02704403); K-877 (NCT03071692),2
PDCD1,ENSG00000188389,0.7191506693283767,0.2383511706878031,1.8127012465963008,23.58646102848394,10.0,1698.0,4.0,1.0,0.0,0.0386,0.35957533466418834,0.14109421416360954,0.051,66,PEMBROLIZUMAB (NCT05226598),1
TOP2A,ENSG00000131747,0.4445183060071672,0.9999106616798769,6.143970109165111,187.1861031369773,68.0,6770.0,13.0,2.0,0.0,0.0499,0.2222591530035836,0.22362903851804097,0.05,67,DOXORUBICIN (NCT02626455); DOXORUBICIN HYDROCHLORIDE (NCT00005047),2
GAS6,ENSG00000183087,0.7014664502008777,2.0170419169519044e-06,1.1993758650259354,75.8374404166118,41.0,4908.0,12.0,1.0,0.0,0.0118,0.35073322510043886,0.14109421416360954,0.049,68,BATIRAXCEPT (NCT04729608),1
FLT4,ENSG00000037280,0.2492891699719424,1.0,3.49517742655537,163.22613452894595,30.0,9551.0,49.0,6.0,0.0,0.7746,0.1246445849859712,0.39610153660605896,0.049,69,AXITINIB (NCT01599754); MOTESANIB (NCT00460317); MOTESANIB (NCT02629848),3
KDR,ENSG00000128052,0.3446456733708776,0.9999999999978642,2.062119490739699,160.88697957241698,43.0,6558.0,20.0,3.0,0.0,0.3599,0.1723228366854388,0.2821884283272191,0.049,70,AXITINIB (NCT01599754); CABOZANTINIB (NCT04338269); MOTESANIB (NCT00460317); MOTESANIB (NCT02629848),4
MYH7,ENSG00000092054,0.662470606603184,6.6431963814459954e-21,7.378650026979123,225.37648123814836,129.0,8212.0,29.0,1.0,0.0,0.0115,0.331235303301592,0.14109421416360954,0.047,71,MAVACAMTEN (NCT05582395),1
PPARG,ENSG00000132170,0.6501887613256534,0.1253995565017047,3.1690286742146876,39.21819569883917,17.0,1882.0,3.0,1.0,0.0,0.113,0.3250943806628267,0.14109421416360954,0.046,72,ARHALOFENATE (NCT00814372); MESALAMINE (NCT01038739); PIOGLITAZONE HYDROCHLORIDE (NCT00814372),3
MSTN,ENSG00000138379,0.6024593251279151,0.673866145252756,0.9511983483624972,32.27200330210996,12.0,1028.0,1.0,1.0,0.0,0.0245,0.30122966256395756,0.14109421416360954,0.043,73,DOMAGROZUMAB (NCT02310763),1
FGB,ENSG00000171564,0.6027438353499276,0.0816570063856179,1.0881294367941807,57.928556249195466,25.0,2277.0,6.0,1.0,0.0,0.1704,0.3013719176749638,0.14109421416360954,0.043,74,ANCROD (NCT00300196),1
PTK2,ENSG00000169398,0.3844846007951492,0.9999999944781984,4.580599738930777,150.05775194849207,45.0,9674.0,28.0,2.0,0.0,0.1874,0.1922423003975746,0.22362903851804097,0.043,75,DEFACTINIB (NCT01870609),1
PTK2B,ENSG00000120899,0.6051744812854586,7.263402388135249e-08,2.52843824850563,142.9373382753721,71.0,6219.0,24.0,1.0,0.0,0.4445,0.3025872406427293,0.14109421416360954,0.043,76,DEFACTINIB (NCT01870609),1
ITGA4,ENSG00000115232,0.5815285484106696,1.270774592241386e-05,2.1297046419179813,133.61744773855634,63.0,7810.0,24.0,1.0,0.0,0.3009,0.2907642742053348,0.14109421416360954,0.041,77,NATALIZUMAB (NCT01416181),1
EDNRB,ENSG00000136160,0.5749560453758593,0.6052442768197127,1.9031855011061471,46.42401889006272,18.0,2411.0,4.0,1.0,0.0,0.0122,0.28747802268792966,0.14109421416360954,0.041,78,AMBRISENTAN (NCT00768300); DARUSENTAN (NCT00353574); MACITENTAN (NCT03775421); MACITENTAN (NCT04271475),4
RET,ENSG00000165731,0.2356662003104965,0.9999999999999992,3.1149695097258885,118.29969508869692,19.0,6544.0,25.0,4.0,0.0,0.4598,0.11783310015524825,0.32761061989253937,0.039,79,MOTESANIB (NCT00460317); MOTESANIB (NCT02629848),2
BCR,ENSG00000186716,0.5209051001376047,0.0646305456569479,1.315409697502577,138.5604326107118,58.0,7993.0,27.0,1.0,0.0,0.1642,0.26045255006880236,0.14109421416360954,0.037,80,IMATINIB MESYLATE (NCT00124748),1
TLR7,ENSG00000196664,0.5075745618805718,0.9767340139235904,3.744175294421858,38.30485369061835,12.0,1268.0,4.0,1.0,0.0,0.1967,0.2537872809402859,0.14109421416360954,0.036,81,HYDROXYCHLOROQUINE SULFATE (NCT04329923),1
EGFR,ENSG00000146648,0.504692914125459,0.3890693445792946,2.919355815974126,143.0113916880763,58.0,6551.0,25.0,1.0,0.0,0.268,0.2523464570627295,0.14109421416360954,0.036,82,CETUXIMAB (NCT00946712); ERLOTINIB (NCT01244191); SAPITINIB (NCT01151215),3
SLC6A2,ENSG00000103546,0.5034980895685791,0.9608751083583686,3.353147732117959,71.65192645402823,26.0,3499.0,11.0,1.0,0.0,0.0166,0.25174904478428956,0.14109421416360954,0.036,83,BICIFADINE (NCT00597649); EDIVOXETINE (NCT00965419); LISDEXAMFETAMINE DIMESYLATE (NCT01436175); VENLAFAXINE (NCT00354432),4
PARP1,ENSG00000143799,0.4768056265702842,0.989734225683642,2.0614168395986723,118.64926066038882,44.0,5580.0,20.0,1.0,0.0,0.1681,0.2384028132851421,0.14109421416360954,0.034,84,NIRAPARIB (NCT01905592),1
CSF2,ENSG00000164400,0.4658828699967499,0.9740548798134824,1.2306431180824111,13.513683432739027,2.0,738.0,2.0,1.0,0.0,0.2311,0.23294143499837494,0.14109421416360954,0.033,85,OTILIMAB (NCT04333147),1
NR3C1,ENSG00000113580,0.2956078119028543,0.999999995005652,3.036958423110445,74.0389293908906,14.0,2566.0,8.0,2.0,0.0,0.0511,0.14780390595142714,0.22362903851804097,0.033,86,BUDESONIDE (NCT04193878); DEXAMETHASONE (NCT01975727); METHYLPREDNISOLONE (NCT03584516); PREDNISONE (NCT00430677); PREDNISONE (NCT00676650); PREDNISONE (NCT02626455); PREDNISONE (NCT03584516); PREDNIS,8
PDGFRA,ENSG00000134853,0.2874198450211174,0.9999999999998104,3.9195446163465704,121.48110429660392,25.0,5717.0,18.0,2.0,0.0,0.1371,0.1437099225105587,0.22362903851804097,0.032,87,MOTESANIB (NCT00460317); MOTESANIB (NCT02629848),2
HMGCR,ENSG00000113161,0.433003626760854,0.9999335526421148,5.011752898284163,99.26580532858792,32.0,3794.0,8.0,1.0,0.0,0.0179,0.216501813380427,0.14109421416360954,0.031,88,ATORVASTATIN (NCT00741715); ATORVASTATIN (NCT02260648); ROSUVASTATIN (NCT00979121); SIMVASTATIN (NCT00120289); SIMVASTATIN (NCT01057758); SIMVASTATIN (NCT01061671),6
SLC6A4,ENSG00000108576,0.427963840399885,0.9998745655239176,3.2328323116597293,73.40529091511655,22.0,3099.0,1.0,1.0,0.0,0.0174,0.2139819201999425,0.14109421416360954,0.03,89,BICIFADINE (NCT00597649); VENLAFAXINE (NCT00354432),2
GRIA1,ENSG00000155511,0.4219577002549077,0.9999793704168496,4.706645849453688,99.15124275747552,31.0,4980.0,21.0,1.0,1.0,0.036,0.21097885012745385,0.14109421416360954,0.03,90,PERAMPANEL (NCT00360412),1
TP53,ENSG00000141510,0.4183620979251529,0.999595868281925,1.121638987172852,46.47306585931068,12.0,3340.0,22.0,1.0,0.0,0.2921,0.20918104896257644,0.14109421416360954,0.03,91,IDASANUTLIN (NCT02545283),1
CTLA4,ENSG00000163599,0.3809522002625446,0.9970405563345822,2.3782874339428752,20.353358039641353,3.0,887.0,1.0,1.0,0.0,0.3935,0.1904761001312723,0.14109421416360954,0.027,92,IPILIMUMAB (NCT03445533),1
DRD2,ENSG00000149295,0.3797579045083011,0.9997961472204036,3.5420917761605444,38.010136310094346,8.0,1913.0,6.0,1.0,0.0,0.0232,0.18987895225415055,0.14109421416360954,0.027,93,BIFEPRUNOX (NCT00658645); BIFEPRUNOX (NCT00704509); HALOPERIDOL (NCT03628391); MOLINDONE (NCT02691182); QUETIAPINE (NCT00658645); QUETIAPINE (NCT00704509),6
HSP90AA1,ENSG00000080824,0.3640579363422011,0.9999990313048108,2.454949269390544,73.31736970127571,18.0,4404.0,17.0,1.0,0.0,0.1203,0.18202896817110056,0.14109421416360954,0.026,94,GANETESPIB (NCT01798485),1
S1PR1,ENSG00000170989,0.3432056922553397,0.9976324496625056,3.047339854837878,18.344082758359427,2.0,805.0,3.0,1.0,0.0,0.0182,0.17160284612766985,0.14109421416360954,0.024,95,ETRASIMOD (NCT04173273); FINGOLIMOD HYDROCHLORIDE (NCT00731692),2
MDM2,ENSG00000135679,0.2829601733806156,0.9999999841351008,3.3578042845001237,64.34656168524589,11.0,3015.0,8.0,1.0,1.0,0.4702,0.1414800866903078,0.14109421416360954,0.02,96,IDASANUTLIN (NCT02545283),1
PIK3CA,ENSG00000121879,0.2694577141767922,0.9999999999999996,8.751433431539786,138.18183752284494,27.0,4715.0,25.0,1.0,0.0,0.0661,0.1347288570883961,0.14109421416360954,0.019,97,COPANLISIB (NCT02626455),1
DNMT1,ENSG00000130816,0.1643998803545484,1.0,8.085103749234499,205.3067386787594,24.0,9319.0,35.0,2.0,0.0,0.1031,0.0821999401772742,0.22362903851804097,0.018,98,AZACITIDINE (NCT02147873); AZACITIDINE (NCT04313881); AZACITIDINE (NCT05079230),3
PIK3CD,ENSG00000171608,0.2364994392500996,0.9999999999999998,7.043594238095516,122.88409195634816,20.0,4922.0,12.0,1.0,0.0,0.0262,0.1182497196250498,0.14109421416360954,0.017,99,COPANLISIB (NCT02626455); PARSACLISIB (NCT04551053); PARSACLISIB (NCT04551066),3
KIT,ENSG00000157404,0.2299249950490441,0.999999999999992,4.355090101388107,105.69178735206032,16.0,4299.0,14.0,1.0,0.0,0.0953,0.11496249752452205,0.14109421416360954,0.016,100,IMATINIB MESYLATE (NCT00124748); MOTESANIB (NCT00460317); MOTESANIB (NCT02629848),3
NCBP1,ENSG00000136937,0.2176152002211944,0.9999999999999996,4.831084757912107,111.6704332185721,16.0,4440.0,9.0,1.0,0.0,0.0163,0.1088076001105972,0.14109421416360954,0.015,101,OBEFAZIMOD (NCT04393038),1
ABL1,ENSG00000097007,0.1923020724661369,0.9999999999999958,4.50226630176298,94.68184100881112,11.0,4022.0,7.0,1.0,0.0,0.0185,0.09615103623306845,0.14109421416360954,0.014,102,IMATINIB MESYLATE (NCT00124748),1
BTK,ENSG00000010671,0.1831070994295915,0.9999999996796236,5.851790366076608,57.414676664593294,5.0,2335.0,12.0,1.0,0.0,0.2344,0.09155354971479575,0.14109421416360954,0.013,103,EVOBRUTINIB (NCT02975349); FENEBRUTINIB (NCT03407482); RILZABRUTINIB (NCT03762265),3
SLC18A2,ENSG00000165646,0.7452213356933165,9.20199420007727e-06,1.6426823731770064,59.21070707118884,33.0,3476.0,15.0,0.0,0.0,0.0,0.37261066784665825,0.0,0.0,104,DEUTETRABENAZINE (NCT03567291); LISDEXAMFETAMINE DIMESYLATE (NCT01436175),2
CALCB,ENSG00000175868,1.3444366956546108,0.005055487885633,-0.4531587084853007,10.736578198029653,8.0,869.0,2.0,0.0,0.0,0.0,0.6722183478273054,0.0,0.0,105,FREMANEZUMAB (NCT02945046); FREMANEZUMAB (NCT03107052),2
CCN2,ENSG00000118523,0.94680935687483,1.4788691198187571e-05,0.5682370241355418,33.17965752830766,22.0,2251.0,3.0,0.0,0.0,0.0,0.473404678437415,0.0,0.0,106,PAMREVLUMAB (NCT03955146),1
CD274,ENSG00000120217,0.4798834988317069,0.9894387413172834,-0.1472680148553096,30.079487522154803,8.0,1598.0,4.0,0.0,0.0,0.0,0.23994174941585344,0.0,0.0,107,ATEZOLIZUMAB (NCT02450331); ATEZOLIZUMAB (NCT04338269); AVELUMAB (NCT02952586),3
CD3E,ENSG00000198851,0.7007847405093005,0.0481985216488277,0.8275181569807825,34.677101653192445,16.0,1697.0,10.0,0.0,0.0,0.0,0.35039237025465025,0.0,0.0,108,VISILIZUMAB (NCT00279422),1
CXCR2,ENSG00000180871,1.7235052871274334,0.1892926895545214,1.9912922749412745,3.6529006721906776,2.0,844.0,3.0,0.0,0.0,0.0,0.8617526435637167,0.0,0.0,109,REPARIXIN (NCT05254990),1
CYP17A1,ENSG00000148795,0.9659688578061127,4.637041197478612e-07,1.6263958757971622,38.54592389678078,27.0,2993.0,7.0,0.0,0.0,0.0,0.4829844289030564,0.0,0.0,110,GALETERONE (NCT01709734),1
RELA,ENSG00000173039,0.3858822293992429,0.999971677791792,2.788515884168542,56.718045676643015,14.0,3132.0,1.0,0.0,0.0,0.0,0.19294111469962144,0.0,0.0,111,EDASALONEXENT (NCT03917719),1
RARB,ENSG00000077092,0.4909355010879019,0.9879542119311612,3.3031141279411353,51.940081795571096,17.0,2491.0,11.0,0.0,0.0,0.0,0.24546775054395095,0.0,0.0,112,TAMIBAROTENE (NCT01337154),1
RARA,ENSG00000131759,0.2455884389709645,0.9999995309492162,3.856048898387971,42.80753179095889,5.0,3547.0,5.0,0.0,0.0,0.0,0.12279421948548225,0.0,0.0,113,TAMIBAROTENE (NCT01337154),1
CYP46A1,ENSG00000036530,0.459119952752432,0.9983321559163024,3.718695194605384,63.29940283842319,20.0,4579.0,8.0,0.0,0.0,0.0,0.229559976376216,0.0,0.0,114,SOTICLESTAT (NCT03635073); SOTICLESTAT (NCT05163314),2
DNMT3A,ENSG00000119772,2.512598856977629,1.4132864125860657e-142,2.777358744009416,117.60087789900994,267.0,8120.0,8.0,0.0,0.0,0.0,1.0,0.0,0.0,115,AZACITIDINE (NCT02147873); AZACITIDINE (NCT04313881); AZACITIDINE (NCT05079230),3
PTGS2,ENSG00000073756,0.3431556491028322,0.9999991649555448,3.225229993133244,63.78005424096182,14.0,2282.0,6.0,0.0,0.0,0.0,0.1715778245514161,0.0,0.0,116,INDOMETHACIN (NCT01774604); LORNOXICAM (NCT02626455); MESALAMINE (NCT01038739); NAPROXEN (NCT00418782),4
EDNRA,ENSG00000151617,0.4396982051328366,0.9985186331864064,4.387064141015424,41.40911661307102,11.0,1468.0,7.0,0.0,0.0,0.0,0.2198491025664183,0.0,0.0,117,AMBRISENTAN (NCT00768300); DARUSENTAN (NCT00353574); MACITENTAN (NCT03775421); MACITENTAN (NCT04271475),4
PTGIR,ENSG00000160013,1.379639524504932,7.277686935989259e-06,0.3031730753371236,17.61415445992481,16.0,2409.0,4.0,0.0,0.0,0.0,0.689819762252466,0.0,0.0,118,ESUBERAPROST (NCT03657095); SELEXIPAG (NCT03689244),2
F10,ENSG00000126218,1.065488370424015,1.8077907907637693e-08,2.1270616340492032,37.11065586590015,29.0,2525.0,7.0,0.0,0.0,0.0,0.5327441852120075,0.0,0.0,119,RIVAROXABAN (NCT04504032),1
SERPINC1,ENSG00000117601,0.4484177138205567,0.9980904939661652,2.7614943899952142,43.35816523451468,12.0,1634.0,4.0,0.0,0.0,0.0,0.22420885691027834,0.0,0.0,120,ENOXAPARIN SODIUM (NCT00740545),1
LTB,ENSG00000227507,1.7330861134541498,3.017308968958557e-07,0.8593368267299707,14.713192774958966,17.0,1635.0,1.0,0.0,0.0,0.0,0.8665430567270749,0.0,0.0,121,BAMINERCEPT (NCT00458861),1
JAK2,ENSG00000096968,0.738709681829725,1.192797862619491e-16,-0.7023645562885266,139.28247580978606,86.0,6809.0,6.0,0.0,0.0,0.0,0.3693548409148625,0.0,0.0,122,BARICITINIB (NCT04891133); RUXOLITINIB (NCT04551053); RUXOLITINIB (NCT04551066),3
SLC6A3,ENSG00000142319,0.3957801307142773,0.9999861224617904,3.321630888253529,70.44123106718102,19.0,3653.0,16.0,0.0,0.0,0.0,0.19789006535713866,0.0,0.0,123,BICIFADINE (NCT00597649); LISDEXAMFETAMINE DIMESYLATE (NCT01436175),2
UGCG,ENSG00000148154,0.3425435967528576,0.999992395848905,3.3291438268639637,49.51842450571334,10.0,2292.0,10.0,0.0,0.0,0.0,0.1712717983764288,0.0,0.0,124,VENGLUSTAT (NCT02906020); VENGLUSTAT (NCT03523728),2
TSLP,ENSG00000145777,1.5664521476402535,7.048325843013238e-05,-1.003409812692918,12.411850153995342,12.0,1175.0,4.0,0.0,0.0,0.0,0.7832260738201268,0.0,0.0,125,TEZEPELUMAB (NCT03809663),1
ADORA1,ENSG00000163485,0.5949641088648107,0.8711033748616624,2.7918617525723395,19.904386627649757,6.0,1139.0,2.0,0.0,0.0,0.0,0.29748205443240533,0.0,0.0,126,ADENOSINE (NCT00612521); CAFFEINE CITRATE (NCT03340727),2
ADORA2A,ENSG00000128271,0.9884881177301968,0.0066122314067058,1.9362692206032976,18.41955803445814,11.0,1212.0,1.0,0.0,0.0,0.0,0.4942440588650984,0.0,0.0,127,ADENOSINE (NCT00612521); CAFFEINE CITRATE (NCT03340727),2
ADRA1B,ENSG00000170214,1.4220573096188576,2.308395789691096e-06,0.6522801500204366,17.931225352436506,17.0,2908.0,3.0,0.0,0.0,0.0,0.7110286548094288,0.0,0.0,128,TAMSULOSIN (NCT02518971),1
TNNI2,ENSG00000130598,0.826234470399086,0.0096914493644511,1.1779344585298557,26.489436954015652,14.0,1568.0,3.0,0.0,0.0,0.0,0.413117235199543,0.0,0.0,129,RELDESEMTIV (NCT04944784),1
TNNC2,ENSG00000101470,1.09163828355608,0.0003637373487136,1.732596872989494,20.049210661222418,14.0,1504.0,9.0,0.0,0.0,0.0,0.54581914177804,0.0,0.0,130,RELDESEMTIV (NCT04944784),1
ALOX5,ENSG00000012779,0.8965421924674865,4.571893566164595e-16,1.210485551883987,87.8987762355675,64.0,4284.0,14.0,0.0,0.0,0.0,0.4482710962337432,0.0,0.0,131,MESALAMINE (NCT01038739),1
TNFSF13B,ENSG00000102524,0.4954467255757074,0.9831804738637392,2.0250733745091916,29.13461522714335,8.0,1393.0,2.0,0.0,0.0,0.0,0.2477233627878537,0.0,0.0,132,TABALUMAB (NCT01202773); TABALUMAB (NCT01215942),2
TNF,ENSG00000232810,0.6031986625713975,0.83611460936656,1.9967782472209783,21.797319222132465,7.0,936.0,2.0,0.0,0.0,0.0,0.30159933128569877,0.0,0.0,133,GOLIMUMAB (NCT01230827),1
TLR9,ENSG00000239732,1.1344607031535046,7.218585780794932e-06,3.612098811605699,24.574883521259487,19.0,2705.0,3.0,0.0,0.0,0.0,0.5672303515767523,0.0,0.0,134,COBITOLIMOD (NCT04985968); HYDROXYCHLOROQUINE SULFATE (NCT04329923),2
APP,ENSG00000142192,0.4127209613298042,0.9999931827833108,2.2177737548963834,101.37025809534332,31.0,4295.0,8.0,0.0,0.0,0.0,0.2063604806649021,0.0,0.0,135,ADUCANUMAB (NCT02477800); ADUCANUMAB (NCT02484547); BAPINEUZUMAB (NCT00996918); BAPINEUZUMAB (NCT00998764); SOLANEZUMAB (NCT01127633); SOLANEZUMAB (NCT01900665),6
SNAP25,ENSG00000132639,0.2698318889349513,0.9999547862274756,4.131200040162375,28.735137861344136,3.0,1483.0,5.0,0.0,0.0,0.0,0.13491594446747565,0.0,0.0,136,BOTULINUM TOXIN TYPE A (NCT05028569),1
SMAD7,ENSG00000101665,0.3732181758375816,0.9998537827006732,1.7904988592721842,38.67617026636462,8.0,2154.0,6.0,0.0,0.0,0.0,0.1866090879187908,0.0,0.0,137,MONGERSEN SODIUM (NCT02641392),1
BACE1,ENSG00000186318,0.5597184991583963,0.6320809032286518,2.4915515573989735,54.027950365475405,21.0,2649.0,4.0,0.0,0.0,0.0,0.27985924957919817,0.0,0.0,138,ELENBECESTAT (NCT02956486); LANABECESTAT (NCT02245737); LANABECESTAT (NCT02783573),3
PPARD,ENSG00000112033,0.2995910565663266,0.9999917840449516,3.487478709584986,39.52853529123456,6.0,1915.0,4.0,0.0,0.0,0.0,0.1497955282831633,0.0,0.0,139,ELAFIBRANOR (NCT02704403),1
FCGRT,ENSG00000104870,0.5792536981911653,0.7686570410855381,0.3902458157223966,35.68137612285498,13.0,2828.0,7.0,0.0,0.0,0.0,0.2896268490955827,0.0,0.0,140,EFGARTIGIMOD ALFA (NCT04598477),1
FGG,ENSG00000171557,0.5626308841932925,0.6418320224279535,1.3691534751429626,51.65379231199424,20.0,1989.0,1.0,0.0,0.0,0.0,0.2813154420966463,0.0,0.0,141,ANCROD (NCT00300196),1
FKBP1A,ENSG00000088832,0.7428775978729515,0.56208403607985,3.1049683959515337,14.15177269962513,5.0,1680.0,3.0,0.0,0.0,0.0,0.37143879893647574,0.0,0.0,142,EVEROLIMUS (NCT01374451),1
GRM5,ENSG00000168959,0.3354389961213168,0.9999999750972306,4.582999434629286,83.11269697862008,19.0,5176.0,9.0,0.0,0.0,0.0,0.1677194980606584,0.0,0.0,143,MAVOGLURANT (NCT01348087); MAVOGLURANT (NCT01433354),2
GUCY1A1,ENSG00000164116,0.9470927507108644,1.2530690208408505e-12,0.3159672206753726,64.46450704968888,48.0,2880.0,5.0,0.0,0.0,0.0,0.4735463753554322,0.0,0.0,144,NITRIC OXIDE (NCT02725372),1
MYL4,ENSG00000198336,1.1236252617218214,6.719402848046035e-05,0.1050210927428429,21.627480719335583,16.0,1199.0,1.0,0.0,0.0,0.0,0.5618126308609107,0.0,0.0,145,MAVACAMTEN (NCT05582395),1
MYL3,ENSG00000160808,0.8532368077663065,0.0286205241154471,1.267387330049352,21.339344581921175,11.0,1082.0,3.0,0.0,0.0,0.0,0.42661840388315325,0.0,0.0,146,MAVACAMTEN (NCT05582395),1
MYL2,ENSG00000111245,1.2134374035470443,3.0179974526728193e-06,1.01953323114962,22.975424655568276,19.0,1559.0,13.0,0.0,0.0,0.0,0.6067187017735222,0.0,0.0,147,MAVACAMTEN (NCT05582395),1
GUCY1A2,ENSG00000152402,0.5861493138113386,0.1108587524955384,2.051110964017394,63.52333987656784,27.0,4223.0,11.0,0.0,0.0,0.0,0.2930746569056693,0.0,0.0,148,NITRIC OXIDE (NCT02725372),1
HSP90AB1,ENSG00000096384,0.376157799987966,0.9999955177497326,2.9840787206860595,67.78865168732663,17.0,3030.0,10.0,0.0,0.0,0.0,0.188078899993983,0.0,0.0,149,GANETESPIB (NCT01798485),1
HTR3A,ENSG00000166736,1.052751414264853,3.5154576312902373e-13,-0.739452869444225,54.803911039551934,45.0,2838.0,11.0,0.0,0.0,0.0,0.5263757071324265,0.0,0.0,150,RENZAPRIDE (NCT00607971),1
HTR4,ENSG00000164270,0.6601741119084973,0.1281573932946612,1.0173523761423058,36.81026451248567,16.0,3227.0,13.0,0.0,0.0,0.0,0.33008705595424864,0.0,0.0,151,PRUCALOPRIDE (NCT04759833); RENZAPRIDE (NCT00607971),2
HTR6,ENSG00000158748,1.3296999347346878,2.3602191877437244e-05,0.6528577949236535,17.370181916078494,15.0,1853.0,6.0,0.0,0.0,0.0,0.6648499673673439,0.0,0.0,152,INTEPIRDINE (NCT02928445),1
IL17A,ENSG00000112115,0.6587259123898616,0.8412823060632278,0.1849217308948201,7.201575692050443,1.0,762.0,1.0,0.0,0.0,0.0,0.3293629561949308,0.0,0.0,153,SECUKINUMAB (NCT01032915); SECUKINUMAB (NCT04181762),2
IL33,ENSG00000137033,1.7833772967192716,2.3090042515888047e-16,-2.2875773047728027,27.293991730779936,37.0,1985.0,6.0,0.0,0.0,0.0,0.8916886483596358,0.0,0.0,154,ITEPEKIMAB (NCT03736967); TORUDOKIMAB (NCT03831191),2
ITGB1,ENSG00000150093,0.3900430417197087,0.9999979167315394,5.418097422911092,86.53507347793067,24.0,4559.0,18.0,0.0,0.0,0.0,0.19502152085985436,0.0,0.0,155,NATALIZUMAB (NCT01416181),1
MS4A1,ENSG00000156738,0.9160011480558762,0.0008456297112152,0.067983009932596,26.52964325997189,16.0,1320.0,2.0,0.0,0.0,0.0,0.4580005740279381,0.0,0.0,156,OFATUMUMAB (NCT01077518); OFATUMUMAB (NCT01200589); RITUXIMAB (NCT01200589); RITUXIMAB (NCT01232556); RITUXIMAB (NCT02626455),5
JAK1,ENSG00000162434,0.17790951011013,1.0,6.620439806909,136.59294361838278,16.0,5104.0,16.0,0.0,0.0,0.0,0.088954755055065,0.0,0.0,157,BARICITINIB (NCT04891133); ITACITINIB (NCT03584516); RUXOLITINIB (NCT04551053); RUXOLITINIB (NCT04551066),4
NCBP2,ENSG00000114503,0.6715056840500596,0.5620656137323271,2.3694677251333873,21.49594569049134,8.0,1205.0,2.0,0.0,0.0,0.0,0.3357528420250298,0.0,0.0,158,OBEFAZIMOD (NCT04393038),1
NFKB1,ENSG00000109320,0.1494858445402531,1.0,4.593796706788653,105.0615626544251,9.0,4821.0,15.0,0.0,0.0,0.0,0.07474292227012655,0.0,0.0,159,EDASALONEXENT (NCT03917719),1
NFKB2,ENSG00000077150,0.2766331982519064,0.9999999999993928,4.69916177442768,109.31603105579111,21.0,5090.0,15.0,0.0,0.0,0.0,0.1383165991259532,0.0,0.0,160,EDASALONEXENT (NCT03917719),1
GRIA3,ENSG00000125675,0.1230132647107299,0.9999999999983294,5.701293484573716,63.03106048088165,3.0,3684.0,10.0,0.0,0.0,0.0,0.06150663235536495,0.0,0.0,161,PERAMPANEL (NCT00360412),1
FLT1,ENSG00000102755,0.3978365462596334,0.9999999663857958,3.3227890048104465,156.2728645382631,49.0,7695.0,24.0,0.0,0.0,0.0,0.1989182731298167,0.0,0.0,162,AXITINIB (NCT01599754); MOTESANIB (NCT00460317); MOTESANIB (NCT02629848),3
PGF,ENSG00000119630,0.7200181481956173,0.1767409938799683,0.1365887887933546,25.2875768430728,11.0,2217.0,2.0,0.0,0.0,0.0,0.36000907409780863,0.0,0.0,163,AFLIBERCEPT (NCT02980874); AFLIBERCEPT (NCT04049266); AFLIBERCEPT (NCT04603937); AFLIBERCEPT (NCT04611152),4
FOLR1,ENSG00000110195,0.7979620515034965,0.0584758575808692,1.12625198021962,22.81751897423893,11.0,875.0,1.0,0.0,0.0,0.0,0.39898102575174826,0.0,0.0,164,FARLETUZUMAB (NCT00849667),1
GNRHR,ENSG00000109163,0.7791278315106506,0.02141208480915,0.3515609540481362,28.091007698230214,14.0,1117.0,2.0,0.0,0.0,0.0,0.3895639157553253,0.0,0.0,165,CETRORELIX (NCT00449150); DEGARELIX (NCT00215657),2
PDE9A,ENSG00000160191,0.8512221223653207,4.829147829957822e-14,1.7417762740339204,87.39156231688793,60.0,5816.0,20.0,0.0,0.0,0.0,0.42561106118266034,0.0,0.0,166,TOVINONTRINE (NCT04411082); TOVINONTRINE (NCT04474314),2
GRIA2,ENSG00000120251,0.225009945321466,0.999999999999954,6.67374864187894,97.2689712963684,14.0,4624.0,5.0,0.0,0.0,0.0,0.112504972660733,0.0,0.0,167,PERAMPANEL (NCT00360412),1
GRIA4,ENSG00000152578,0.4352840735811727,0.9999268626328236,4.462659795002402,103.99096926526788,34.0,5167.0,12.0,0.0,0.0,0.0,0.21764203679058636,0.0,0.0,168,PERAMPANEL (NCT00360412),1
GRIN2D,ENSG00000105464,0.4718255881861064,0.9956352725692164,3.450324883817174,103.16414880474214,37.0,8924.0,14.0,0.0,0.0,0.0,0.2359127940930532,0.0,0.0,169,AMANTADINE (NCT04952519); AV-101 (NCT05036135); AV-101 (NCT05557942),3
P2RY12,ENSG00000169313,1.7352764860835943,0.0917572858775325,1.0941853576155307,4.468254246579588,3.0,747.0,2.0,0.0,0.0,0.0,0.8676382430417972,0.0,0.0,170,PRASUGREL (NCT01794000),1
GRIN1,ENSG00000176884,0.4834010519122418,0.9843230046447402,8.457052949384208,103.0375574589862,38.0,6385.0,10.0,0.0,0.0,0.0,0.2417005259561209,0.0,0.0,171,AMANTADINE (NCT04952519); AV-101 (NCT05036135); AV-101 (NCT05557942),3
GRIN2A,ENSG00000183454,0.277069250351326,0.9999999999997278,3.779858205355719,113.38252139445228,22.0,4962.0,10.0,0.0,0.0,0.0,0.138534625175663,0.0,0.0,172,AMANTADINE (NCT04952519); AV-101 (NCT05036135); AV-101 (NCT05557942),3
OPRK1,ENSG00000082556,0.9416741419950722,0.0010538205661951,0.5362941181271043,24.527730698014743,15.0,1740.0,10.0,0.0,0.0,0.0,0.4708370709975361,0.0,0.0,173,ATICAPRANT (NCT06514742); BUPRENORPHINE (NCT00270257); DIFELIKEFALIN (NCT05387707); DIFELIKEFALIN (NCT05978063); NAVACAPRANT (NCT06029439),5
GRIN2B,ENSG00000273079,0.0917793194721624,1.0,8.082912582046218,114.54688233911168,5.0,4215.0,17.0,0.0,0.0,0.0,0.0458896597360812,0.0,0.0,174,AMANTADINE (NCT04952519); AV-101 (NCT05036135); AV-101 (NCT05557942),3
NR1H4,ENSG00000012504,0.5568290127170148,0.5814416762898184,1.5969106297174462,58.51955215621115,23.0,2703.0,7.0,0.0,0.0,0.0,0.2784145063585074,0.0,0.0,175,URSODIOL (NCT00059202),1
VEGFA,ENSG00000112715,0.5846185283347473,0.4046458209077189,0.879071826863735,49.71108069943582,20.0,2796.0,8.0,0.0,0.0,0.0,0.29230926416737363,0.0,0.0,176,AFLIBERCEPT (NCT02980874); AFLIBERCEPT (NCT04049266); AFLIBERCEPT (NCT04603937); AFLIBERCEPT (NCT04611152); BEVACIZUMAB (NCT00946712); BEVACIZUMAB (NCT01012297),6
ADRB1,ENSG00000043591,,,1.1863836833011454,,,,,,,,,,,177,METOPROLOL SUCCINATE (NCT02587351),1
CCR2,ENSG00000121807,,,0.6514814236886147,,,,,,,,,,,178,CENICRIVIROC (NCT03028740),1
CCR5,ENSG00000160791,,,-0.8766462115894839,,,,,,,,,,,179,CENICRIVIROC (NCT03028740),1
CXCR1,ENSG00000163464,,,0.4373930533948875,,,,,,,,,,,180,REPARIXIN (NCT05254990),1
GRIN3B,ENSG00000116032,1.4110217162090772,2.1402671275409176e-30,-2.39899338126845,65.96133448658952,77.0,,,,,,0.7055108581045386,,,181,AMANTADINE (NCT04952519); AV-101 (NCT05036135); AV-101 (NCT05557942),3
S1PR5,ENSG00000180739,,,-0.2012535151936779,,,,,,,,,,,182,ETRASIMOD (NCT04173273); FINGOLIMOD HYDROCHLORIDE (NCT00731692),2
