symbol,gene_id,LOEUF,oe_lof,pLI,mis_z,obs_lof,exp_lof,obs_mis,exp_mis,obs_syn,exp_syn,n_variants,n_common,n_common_func,n_common_lof,cum_maf_func,trials,n_trials,source,status,low_exp_lof,rate_syn,rate_mis,oe_syn,qc_syn_excess,tolerance,burden_v1,score_v1,rank_v1
HTR3D,ENSG00000186090,1.309823818432409,1.0271333456892175,6.525863692060873e-17,1.1156479093569338,47.0,45.75842094627207,448,506.8950090835803,203,199.8429337462288,2315.0,19.0,7.0,2.0,1.5787,RENZAPRIDE (NCT00607971),1,first_drug,,False,0.03502750819745758,0.013809565836237683,1.0157977377262697,False,0.6549119092162045,0.4980326299878333,0.3262,1
P2RX7,ENSG00000089041,1.070275568441513,0.86629234545434,1.058245320117435e-18,0.9739478616775388,62.0,71.56937300130843,686,748.4765646657347,299,283.3130715940073,3667.0,31.0,11.0,0.0,1.6516,CE-224535 (NCT00418782),1,first_drug,,False,0.03882630595937768,0.014696518928301431,1.055369589259448,False,0.5351377842207565,0.5520451857624484,0.2954,2
ADRA1A,ENSG00000120907,1.4141233759876264,1.047808498390128,1.2759670700031432e-11,-0.3118355792913164,31.0,29.58555885701343,619,601.0740580003005,311,254.30354920847145,2805.0,21.0,7.0,0.0,0.8042,TAMSULOSIN (NCT02518971),1,first_drug,,False,0.02752615927613964,0.011645819523950409,1.222947933554204,False,0.7070616879938132,0.3913759842829717,0.2767,3
OPRM1,ENSG00000112038,1.170970418800297,0.8491181093312046,1.2938485120585771e-08,-0.470390462671226,27.0,31.797696578708177,536,511.0661470179416,196,189.9070257838717,3753.0,21.0,6.0,2.0,0.7192,BUPRENORPHINE (NCT00270257),1,first_drug,,False,0.031594407712058244,0.01174016325481516,1.0320839852605694,False,0.5854852094001485,0.4492196783465847,0.263,4
HRH4,ENSG00000134489,1.870907163546231,1.1547283479663906,2.050569085435483e-05,0.7670957890396566,12.0,10.392054565156714,415,453.2941086933552,154,166.6404892428257,1219.0,2.0,2.0,0.0,0.1706,ADRIFORANT (NCT03517566),1,first_drug,,False,0.0120018850705943,0.004412146466595625,0.9241451504357612,False,0.9354535817731156,0.1706467486303707,0.1596,5
LTA,ENSG00000226979,0.7824824426617382,0.3964480493447209,0.38027653978416,2.0646427437317105,6.0,15.134391529778616,173,249.4607088188049,87,107.28468665603648,855.0,7.0,3.0,0.0,0.6726,BAMINERCEPT (NCT00458861),1,first_drug,,False,0.02796298421990313,0.01202594193773033,0.8109265423771908,False,0.3912412213308691,0.3975869049787981,0.1556,6
MYL7,ENSG00000106631,1.6576516014254956,1.2020303597202222,2.906365758375902e-11,0.5047432353782316,27.0,22.461995058331446,209,226.8240925195016,81,84.37625075716515,1774.0,4.0,1.0,0.0,0.0622,MAVACAMTEN (NCT05582395),1,first_drug,,False,0.011851676165109539,0.004408702747985306,0.9599857693738727,False,0.8288258007127478,0.16851102901753226,0.1397,7
MUC16,ENSG00000181143,0.8099446641092592,0.7581311336976987,2.2477254812521698e-155,-8.211260320935963,625.0,824.3956384585254,19911,17373.28349888556,7330,6661.973394748009,49618.0,349.0,135.0,0.0,23.321,ABAGOVOMAB (NCT00418574),1,first_drug,,False,0.020264265856484467,0.0077705518365978315,1.1002745831706011,False,0.4049723320546296,0.2881239956432341,0.1167,8
HTR3C,ENSG00000178084,1.061724605218599,0.7904431791594014,2.438400652766515e-09,0.6115983024753927,32.0,40.483618359551755,523,556.8394743569396,209,217.05022778356425,2219.0,8.0,3.0,0.0,0.9092,RENZAPRIDE (NCT00607971),1,first_drug,,False,0.013821685563912455,0.005387549083987839,0.9629107609525677,False,0.5308623026092995,0.19652127046707335,0.1043,9
AR,ENSG00000169083,0.2678959772318074,0.1484738362302068,0.9999999258965238,1.6192595365726652,8.0,53.88154710029921,639,742.453047918048,359,316.3942028570656,3156.0,20.0,17.0,0.0,0.6377,GALETERONE (NCT01709734); OXANDROLONE (NCT00101361); TESTOSTERONE (NCT02418572),3,first_drug,,False,0.05373044084401233,0.0228970707948073,1.1346604860588487,False,0.1339479886159037,0.7639570766238937,0.1023,10
S1PR3,ENSG00000213694,1.4588782418757773,0.9004231182333066,0.0001201796545671,0.987226913186252,12.0,13.32706786065738,450,501.8559827017402,232,214.04445205784648,2281.0,4.0,2.0,0.0,0.0558,FINGOLIMOD HYDROCHLORIDE (NCT00731692),1,first_drug,,False,0.009343853488244073,0.003985207049307265,1.0838870046363125,False,0.7294391209378887,0.13285398152612402,0.0969,11
AVPR2,ENSG00000126895,0.6443696824771261,0.249315795775491,0.8385899889561417,1.5760230906919257,3.0,12.032931931442889,279,347.92869034280693,143,147.5196102242002,1133.0,3.0,3.0,0.0,0.4264,TOLVAPTAN (NCT01227512),1,first_drug,,False,0.020336279328833654,0.008622456506947335,0.9693626480077374,False,0.32218484123856306,0.2891479068739857,0.0932,12
ADRB2,ENSG00000169252,0.908359556794486,0.5899171669127411,0.001663633982165,1.900235237373049,15.0,25.42729868076336,425,527.3138131655724,225,208.99602221351464,1171.0,13.0,3.0,0.0,0.7913,ALBUTEROL SULFATE (NCT00434993),1,first_drug,,False,0.014354340184212397,0.005689211860372836,1.0765755138159299,False,0.454179778397243,0.2040947290165001,0.0927,13
MAPT,ENSG00000186868,0.6663140018008595,0.5004831416432065,0.0002097821928818,2.991546913602262,34.0,67.93435616706253,881,1115.2467840607414,456,464.4551123342305,4918.0,36.0,9.0,0.0,1.2849,GOSURANEMAB (NCT03352557); POSDINEMAB (NCT04619420); TILAVONEMAB (NCT03712787),3,first_drug,,False,0.0193775453450568,0.008069962746030047,0.9817956308162111,False,0.33315700090042977,0.2755163118228208,0.0918,14
CETP,ENSG00000087237,1.051557707214276,0.8417224971430707,1.5749578380294284e-16,-0.0414388136446097,56.0,66.53024029899663,612,609.6010428335268,251,245.6561031900254,3369.0,12.0,3.0,0.0,0.4342,EVACETRAPIB (NCT01687998); EVACETRAPIB (NCT02260648),2,first_drug,,False,0.012212194042984445,0.004921251423809091,1.0217535682630319,False,0.525778853607138,0.17363699075775973,0.0913,15
HTR3B,ENSG00000149305,1.323180797507873,1.0291186722519332,6.603480547670085e-16,0.1744161505512032,44.0,42.75503028598104,527,536.4722391306476,203,209.03509615529472,2293.0,10.0,2.0,0.0,0.3618,RENZAPRIDE (NCT00607971),1,first_drug,,False,0.009567771330198904,0.0037280587029833953,0.9711287900151887,False,0.6615903987539365,0.13603771903612077,0.09,16
IL4R,ENSG00000077238,0.6146853218068525,0.4098025876374372,0.3075812364711418,0.9120263509409776,17.0,41.48338861891309,974,1043.064570128129,402,422.8650819501234,4283.0,22.0,8.0,0.0,1.2224,DUPILUMAB (NCT03736967); DUPILUMAB (NCT04791319),2,first_drug,,False,0.018918563725116452,0.007669707349965198,0.9506578271871017,False,0.30734266090342627,0.26899036021911643,0.0827,17
HTR3E,ENSG00000186038,1.310189340383442,0.9995729896887514,1.6419859300426365e-13,0.6734052850397387,38.0,38.01623332362402,547,585.196149093316,210,232.88838304831015,2453.0,12.0,2.0,1.0,0.4683,RENZAPRIDE (NCT00607971),1,first_drug,,False,0.008587804912472264,0.003417657486466265,0.9017195158095876,False,0.655094670191721,0.12210423425698996,0.08,18
MASP2,ENSG00000009724,1.0892887124836723,0.8585208253341645,6.9750395156799586e-15,-0.3631499168161304,49.0,57.07491135224075,900,874.815318197179,379,340.7872734666962,3999.0,8.0,3.0,0.0,0.2859,NARSOPLIMAB (NCT03608033),1,first_drug,,False,0.008803145638280939,0.00342929523248679,1.112130732302825,False,0.5446443562418362,0.12516601950912412,0.0682,19
IL1A,ENSG00000115008,1.094521165322497,0.7206372690785624,9.107414011502668e-05,0.1139097263208127,16.0,22.202570816880293,317,321.7911546468906,113,118.54999632458268,1291.0,2.0,1.0,0.0,0.2868,BERMEKIMAB (NCT01767857); BERMEKIMAB (NCT04791319),2,first_drug,,False,0.00843525964574525,0.0031076056179894836,0.9531843399692133,False,0.5472605826612486,0.11993529549172077,0.0656,20
CYP19A1,ENSG00000137869,0.9679695772818246,0.7206435136149981,1.868334087451208e-08,0.6712577165322224,32.0,44.40475685332528,598,637.74713963476,212,215.55561291163752,2852.0,10.0,2.0,0.0,0.085,ANASTROZOLE (NCT01151215); LETROZOLE (NCT00097344); LETROZOLE (NCT00267553),3,first_drug,,False,0.009278348046635453,0.003136039153614091,0.9835048929433581,False,0.4839847886409123,0.13192260361654085,0.0638,21
IFNGR1,ENSG00000027697,0.9215989815268542,0.6504995086518477,1.295980950396346e-05,0.8905052116673625,23.0,35.35744407811655,533,583.4341514938205,199,209.5069335470092,2258.0,16.0,2.0,0.0,0.1672,INTERFERON GAMMA-1B (NCT00047632),1,first_drug,,False,0.009546223440625366,0.003427978967085171,0.9498492323422238,False,0.4607994907634271,0.13573134405636197,0.0625,22
CD86,ENSG00000114013,0.5676588101621431,0.3429488960292132,0.8646576120622828,0.8429791259347507,11.0,32.07474969991737,359,398.4546886928005,137,135.28502741688425,1599.0,5.0,2.0,0.0,0.3664,ABATACEPT (NCT00430677); ABATACEPT (NCT00534313),2,first_drug,,False,0.014783601986027243,0.0050193913053485344,1.0126767360428661,False,0.2838294050810716,0.21019811447303913,0.0597,23
GRIN3A,ENSG00000198785,0.6485120022124734,0.5085480147622498,5.028004863213447e-06,0.7898461949273515,47.0,92.41998520429358,1324,1393.1241445060605,527,540.5834906991504,3790.0,20.0,7.0,0.0,1.1299,AMANTADINE (NCT04952519); AV-101 (NCT05036135); AV-101 (NCT05557942),3,first_drug,,False,0.012948971103328964,0.0050246778276044355,0.9748725387791949,False,0.3242560011062367,0.1841127292833086,0.0597,24
PTGS1,ENSG00000095303,0.8262494686943145,0.634729771253647,1.1441435074558526e-08,1.1784113232006213,40.0,63.01894414216066,709,786.4881567314939,298,301.8614701005383,2938.0,12.0,3.0,0.0,0.1612,INDOMETHACIN (NCT01774604); LORNOXICAM (NCT02626455); MESALAMINE (NCT01038739); NAPROXEN (NCT00418782),4,first_drug,,False,0.009938333630326575,0.0038144248890758523,0.9872078072791065,False,0.41312473434715724,0.14130649567494316,0.0584,25
TNNT3,ENSG00000130595,0.8771704364395849,0.6642332479299013,1.885615597017091e-08,0.9506054577719032,36.0,54.19782901894004,291,331.5874409237048,120,109.70044928210037,3518.0,9.0,1.0,1.0,0.0124,RELDESEMTIV (NCT04944784),1,first_drug,,False,0.00911573294862675,0.0030157957648042854,1.09388795383521,False,0.43858521821979246,0.12961048867874797,0.0568,26
PARP2,ENSG00000129484,0.9139945460763864,0.7330570356623409,1.5474021456562562e-14,0.6181548596084989,57.0,77.75656903490278,651,689.0464253929291,226,242.64209952898452,3538.0,19.0,2.0,0.0,0.0761,NIRAPARIB (NCT01905592),1,first_drug,,False,0.008242592707046258,0.0029025620426947267,0.9314129758962272,False,0.4569972730381932,0.11719589360075418,0.0536,27
TNFSF14,ENSG00000125735,1.0161215016684648,0.6599011514985356,0.0004197253094688,0.9251673996041512,15.0,22.73067711116623,287,326.1777813155462,133,139.5631333689695,1185.0,4.0,1.0,0.0,0.0539,BAMINERCEPT (NCT00458861),1,first_drug,,False,0.007165216027045293,0.003065812747780617,0.952973731597024,False,0.5080607508342324,0.10187739768024257,0.0518,28
ADORA2B,ENSG00000170425,1.2854756513418015,0.8668799953743276,3.200218938216762e-06,-0.3798475852510513,18.0,20.764119712126263,441,422.688995468471,179,178.31678966406912,1313.0,1.0,1.0,0.0,0.0416,ADENOSINE (NCT00612521); CAFFEINE CITRATE (NCT03340727),2,first_drug,,False,0.005607996879508089,0.0023658056176543906,1.003831441431948,False,0.6427378256709008,0.07973634376503264,0.0512,29
ESR2,ENSG00000140009,0.958813332697579,0.7260569527642431,1.8378590598779318e-09,-0.3397191638434963,36.0,49.58288721420661,714,693.0304774097,320,266.1233346057813,3400.0,11.0,2.0,0.0,0.2574,ERTEBEREL (NCT01097707); TOREMIFENE (NCT00097344); TOREMIFENE (NCT00267553),3,first_drug,,False,0.007515312413181192,0.002885875968219009,1.2024499861089908,False,0.4794066663487895,0.10685518322392429,0.0512,30
IL5RA,ENSG00000091181,1.2436135423322785,0.9801516462292856,7.151636264155508e-17,-1.8979850888370575,49.0,49.992264144539824,600,500.44495281700426,202,174.03314213628107,2733.0,7.0,1.0,0.0,0.3678,BENRALIZUMAB (NCT04543409),1,first_drug,,False,0.00574603197830517,0.0019982217711878216,1.1606984596176444,False,0.6218067711661392,0.08169897219115432,0.0508,31
CSF2,ENSG00000164400,0.4658828699967499,0.1479981390680415,0.9740548798134824,1.2306431180824111,2.0,13.513683432739027,141,179.67878847052842,66,69.22160234469132,738.0,2.0,1.0,0.0,0.2311,OTILIMAB (NCT04333147),1,first_drug,,False,0.014446357294944806,0.005565487214780634,0.9534595814663572,False,0.23294143499837494,0.20540305855577545,0.0478,32
IFNGR2,ENSG00000159128,0.5625904293965285,0.3653638581323473,0.8067107462279989,1.124025846793124,15.0,41.0549638836102,362,415.7376017808424,161,171.60009500147189,2521.0,9.0,2.0,0.0,0.1766,INTERFERON GAMMA-1B (NCT00047632),1,first_drug,,False,0.011655005202548665,0.004810726745506911,0.9382279188051675,False,0.28129521469826424,0.16571469659861526,0.0466,33
HTR2A,ENSG00000102468,0.7062348930472357,0.4517531293978418,0.0854766961320053,2.3387715745679616,14.0,30.990377462710903,442,573.3021787225732,209,225.15947734271143,1213.0,8.0,2.0,0.0,0.1088,HALOPERIDOL (NCT03628391); MOLINDONE (NCT02691182); QUETIAPINE (NCT00658645); QUETIAPINE (NCT00704509); VOLINANSERIN (NCT00464061),5,first_drug,,False,0.008882593011867024,0.0034885616595010716,0.928230969740104,False,0.3531174465236179,0.12629562839222405,0.0446,34
CD80,ENSG00000121594,0.7619186700759187,0.4792273076429662,0.0441195555629678,1.6200470341104134,13.0,27.127001722709124,277,347.84565945569597,125,125.54848758962764,1217.0,3.0,1.0,0.0,0.0153,ABATACEPT (NCT00430677); ABATACEPT (NCT00534313),2,first_drug,,False,0.007965050150732492,0.002874838230164453,0.9956312688415615,False,0.38095933503795937,0.11324970226806542,0.0431,35
AGER,ENSG00000204305,1.2046980106610885,0.942197239471736,2.524381978027315e-15,0.4880550978822594,46.0,48.822049219535955,489,514.9687852900996,170,199.94487176934285,1975.0,10.0,1.0,0.0,0.0561,AZELIRAGON (NCT02080364); AZELIRAGON (NCT02916056),2,first_drug,,False,0.005001378585761398,0.0019418652713807996,0.8502343595794376,False,0.6023490053305443,0.0711112453843455,0.0428,36
GUCY1B1,ENSG00000061918,0.7814235176880462,0.6059840647321875,1.5189116268852746e-08,3.4033375452151464,43.0,70.95896163375798,535,754.1409950126581,266,259.68358988150453,4581.0,14.0,2.0,1.0,0.4288,NITRIC OXIDE (NCT02725372),1,first_drug,,False,0.007701680344578624,0.002652023975923004,1.024323485828957,False,0.3907117588440231,0.10950502375771345,0.0428,37
AVPR1A,ENSG00000166148,1.3299111197626512,0.98541060635365,4.581875985722761e-11,0.0919793985811833,31.0,31.458967257020305,570,575.172278104678,243,233.2256478062297,1567.0,10.0,1.0,0.0,0.0104,BALOVAPTAN (NCT03504917); SELEPRESSIN (NCT02508649),2,first_drug,,False,0.004287693096390615,0.0017386095228636973,1.0419094224229195,False,0.6649555598813256,0.060963830408327195,0.0405,38
MYH7B,ENSG00000078814,0.9816488064482036,0.8743290163300107,4.8496918675177484e-60,-0.154335884063458,205.0,234.46551146213343,2652,2633.429649359959,1193,1104.9616808385656,12937.0,43.0,6.0,0.0,0.3529,MAVACAMTEN (NCT05582395),1,first_drug,,False,0.00543005255661585,0.002278397678653868,1.0796754500071182,False,0.4908244032241018,0.07720627286698747,0.0379,39
IL17RA,ENSG00000177663,0.897923221802442,0.6744499346966841,3.3004012501368535e-08,-1.324104377550649,34.0,50.4114512447697,1276,1169.812667562867,585,510.3982516007495,4871.0,14.0,3.0,0.0,0.3826,BRODALUMAB (NCT01902290),1,first_drug,,False,0.005877763081262864,0.0025645131764986434,1.1461638008462585,False,0.448961610901221,0.08357196833142731,0.0375,40
FGA,ENSG00000171560,1.433585420138699,0.9865697410836096,1.633668921970505e-07,0.1171630958900849,20.0,20.272261723771074,777,784.6954449228512,306,281.63457714247255,3100.0,4.0,1.0,0.0,0.2686,ANCROD (NCT00300196),1,first_drug,,False,0.003550700379712689,0.001274379769208826,1.086514316192083,False,0.7167927100693495,0.05048502561011358,0.0362,41
ADRA1D,ENSG00000171873,1.6934255435095007,1.1859171426871915,2.99499095095662e-09,0.0108841454015918,22.0,18.551043077216836,840,840.7399757940952,376,388.1568535123588,2846.0,5.0,1.0,0.0,0.2553,TAMSULOSIN (NCT02518971),1,first_drug,,False,0.002576278097246479,0.0011894283949748917,0.9686805645646761,False,0.8467127717547503,0.03663036916924753,0.031,42
HTR1A,ENSG00000178394,1.0373287262024793,0.6915733646914677,9.002870834096965e-05,0.899594564261914,17.0,24.58162917767116,515,565.1439683394045,262,244.5565227439539,1117.0,3.0,1.0,0.0,0.0115,BIFEPRUNOX (NCT00658645); BIFEPRUNOX (NCT00704509),2,first_drug,,False,0.004089034259973434,0.0017694606260035975,1.07132697611304,False,0.5186643631012396,0.058139233745229356,0.0302,43
PDCD1,ENSG00000188389,0.7191506693283767,0.4239720400582184,0.2383511706878031,1.8127012465963008,10.0,23.58646102848394,313,397.76833801273506,168,169.29055107271802,1698.0,4.0,1.0,0.0,0.0386,PEMBROLIZUMAB (NCT05226598),1,first_drug,,False,0.005907004222406095,0.002514026141437089,0.992376709364224,False,0.35957533466418834,0.08398772849185077,0.0302,44
S1PR2,ENSG00000267534,0.9751986300096742,0.5588453819539824,0.0238288979845237,2.458155008709864,9.0,16.104633393465345,361,488.3730135573172,224,233.8593644357304,959.0,2.0,1.0,0.0,0.0109,FINGOLIMOD HYDROCHLORIDE (NCT00731692),1,first_drug,,False,0.004276074222697298,0.002047615188062877,0.9578406258841947,False,0.4875993150048371,0.06079862944140831,0.0296,45
IL6R,ENSG00000160712,1.0306443947755963,0.7863018475560917,7.935281835363993e-11,1.4455656815477496,38.0,48.32749677252822,534,618.2796316135108,264,256.19279997130997,3275.0,13.0,1.0,0.0,0.383,TOCILIZUMAB (NCT01209689),1,first_drug,,False,0.0039033103198528067,0.0016173911428884078,1.030473924441141,False,0.5153221973877982,0.055498549691183716,0.0286,46
ITGB7,ENSG00000139626,0.825306677874159,0.6592793716139019,3.0812724887568853e-12,1.6565022187769407,55.0,83.42442122125127,921,1046.6569555971978,454,423.5628587036935,4061.0,9.0,2.0,0.0,0.0317,NATALIZUMAB (NCT01416181),1,first_drug,,False,0.00472184932862377,0.0019108457544801268,1.0718597975975959,False,0.4126533389370795,0.06713680648603693,0.0277,47
MSTN,ENSG00000138379,0.6024593251279151,0.3718393273471013,0.673866145252756,0.9511983483624972,12.0,32.27200330210996,403,450.3291203435563,168,155.0545985957938,1028.0,1.0,1.0,0.0,0.0245,DOMAGROZUMAB (NCT02310763),1,first_drug,,False,0.006449341129229348,0.0022205981244053227,1.0834893097105303,False,0.30122966256395756,0.09169885297498645,0.0276,48
FDPS,ENSG00000160752,0.7985033151294959,0.5856354769403397,9.8590536536956e-06,2.0768077205095805,29.0,49.51885796180054,414,525.6437373716361,172,206.45254306881773,2456.0,8.0,1.0,0.0,0.0233,ALENDRONIC ACID (NCT00471237),1,first_drug,,False,0.004843728176633143,0.0019024292099441272,0.8331212463809007,False,0.39925165756474795,0.06886972002564182,0.0275,49
DRD3,ENSG00000151577,0.7671641620005287,0.5228305816987837,0.002913253489572,0.7650013660350657,19.0,36.34064391999624,465,505.3216690964545,195,203.6674675568363,1672.0,4.0,1.0,0.0,0.3577,HALOPERIDOL (NCT03628391),1,first_drug,,False,0.004909964325652234,0.0019789374989361928,0.9574430435021857,False,0.38358208100026436,0.06981148737347269,0.0268,50
TYK2,ENSG00000105397,0.6105451289998098,0.4966466756662168,2.784052789578373e-07,2.472646419217613,65.0,130.87775109499535,1378,1610.6799569838056,647,658.9440619796744,7371.0,23.0,4.0,0.0,0.4635,RUXOLITINIB (NCT04551053); RUXOLITINIB (NCT04551066),2,second_drug,ok,False,0.00607031799934997,0.002483423216795028,0.9818739363948576,False,0.3052725644999049,0.0863097774764973,0.0263,51
ACE,ENSG00000159640,0.8736380337442785,0.7516867693375122,7.628967825190318e-31,-0.6541346462981114,122.0,162.30164607995275,1799,1735.111430061674,796,720.5641668810797,11435.0,28.0,3.0,1.0,0.067,RAMIPRIL (NCT00318474),1,first_drug,,False,0.004163404368254012,0.0017289955838129462,1.1046899590433978,False,0.43681901687213925,0.05919665240060903,0.0259,52
CSF3R,ENSG00000119535,0.7760841839984522,0.6159799807906741,2.0092027507465455e-10,2.174876080568356,52.0,84.41832790288512,890,1055.6894834905445,384,429.1462950936643,3488.0,8.0,2.0,0.0,0.0445,FILGRASTIM (NCT01012297); PEGFILGRASTIM (NCT01012297),2,second_drug,ok,False,0.004660415394157103,0.0018944964701051827,0.8947997556781637,False,0.3880420919992261,0.06626331860387136,0.0257,53
CTLA4,ENSG00000163599,0.3809522002625446,0.1473958250111372,0.9970405563345822,2.3782874339428752,3.0,20.353358039641353,184,276.7722123573921,100,105.20569296374424,887.0,1.0,1.0,0.0,0.3935,IPILIMUMAB (NCT03445533),1,first_drug,,False,0.009505189042807958,0.003613079476015872,0.9505189042807958,False,0.1904761001312723,0.1351479034944537,0.0257,54
SSTR1,ENSG00000139874,0.8180142879370772,0.4822566414035995,0.0694451160787763,0.8442966567789376,10.0,20.73584714332845,494,540.0029259969064,267,227.7594784991996,1336.0,2.0,1.0,1.0,0.1861,PASIREOTIDE (NCT01374451),1,second_drug,ok,False,0.004390596635492008,0.0018518418176232789,1.172289301676366,False,0.4090071439685386,0.06242694676604295,0.0255,55
ERBB3,ENSG00000065361,0.7257632547407283,0.6125218831794615,3.3816835522893137e-18,3.1301358321331394,96.0,156.72909431690158,1406,1709.4473724171369,567,631.9631033631713,6292.0,14.0,3.0,0.0,0.2007,SAPITINIB (NCT01151215),1,second_drug,ok,False,0.004747112583052155,0.0017549531201759303,0.8972042781968573,False,0.36288162737036417,0.0674960077450615,0.0245,56
HTR2C,ENSG00000147246,0.4994588393567452,0.2375426523797842,0.976149825982188,2.2180581926306737,5.0,21.048851437450395,271,371.2004075110521,150,145.2635408623187,1320.0,4.0,1.0,0.0,0.1607,QUETIAPINE (NCT00658645); QUETIAPINE (NCT00704509),2,second_drug,ok,False,0.006884039822131305,0.002693962559753456,1.0326059733196957,False,0.2497294196783726,0.09787954193686782,0.0244,57
C5,ENSG00000106804,0.7362694859798824,0.6399031184020422,3.406686481823717e-28,2.5909447390623677,140.0,218.78311884087424,1700,1969.613067973697,614,682.2703581163787,8762.0,33.0,3.0,0.0,0.5808,RAVULIZUMAB (NCT04248465); RAVULIZUMAB (NCT04369469); RAVULIZUMAB (NCT05746559),3,first_drug,,False,0.004397083889563135,0.00152314180322044,0.8999365027305885,False,0.3681347429899412,0.06251918467769313,0.023,58
MYH6,ENSG00000197616,0.6545288558678166,0.5645293122791221,8.873172428211332e-20,4.203836840437979,126.0,223.19478769191247,2040,2536.419360990674,978,1010.2387159919738,10129.0,52.0,5.0,0.0,0.5795,MAVACAMTEN (NCT05582395),1,first_drug,,False,0.004949325264267267,0.0019712828552322283,0.9680880216906774,False,0.3272644279339083,0.0703711341421417,0.023,59
CD22,ENSG00000012124,0.6802066440557134,0.5386566200529213,1.147701087026629e-07,1.6949008591827093,51.0,94.67998368791868,931,1060.4118087099205,424,422.52829760360754,3841.0,20.0,2.0,1.0,0.231,INOTUZUMAB OZOGAMICIN (NCT01232556),1,first_drug,,False,0.004733410783001067,0.0018860597209240503,1.0034830859962263,False,0.3401033220278567,0.06730119104623888,0.0229,60
GRIN2C,ENSG00000161509,1.0139971653990307,0.8234991464964846,2.483833291005629e-18,-0.6971386624848904,64.0,77.71714187231791,1549,1485.9885846099455,792,643.4384354502142,7729.0,13.0,2.0,0.0,0.4085,AMANTADINE (NCT04952519); AV-101 (NCT05036135); AV-101 (NCT05557942),3,first_drug,,False,0.003108300483480753,0.0013459053593772906,1.230886991458378,False,0.5069985826995154,0.044194838406824935,0.0224,61
PPARA,ENSG00000186951,0.744399409749531,0.5213078451613914,0.0013729770442125,2.4758526665599256,22.0,42.201551739911054,465,608.1616300971633,242,239.29560721056677,1706.0,6.0,1.0,0.0,0.0573,ELAFIBRANOR (NCT02704403); K-877 (NCT03071692),2,first_drug,,False,0.004178931705670868,0.0016442997231512853,1.0113014727723502,False,0.3721997048747655,0.05941742519000735,0.0221,62
FGB,ENSG00000171564,0.6027438353499276,0.4315660810266993,0.0816570063856179,1.0881294367941807,25.0,57.928556249195466,536,598.4127483758491,203,199.19580033895392,2277.0,6.0,1.0,0.0,0.1704,ANCROD (NCT00300196),1,first_drug,,False,0.005020186160041468,0.0016710873936327361,1.019097790488418,False,0.3013719176749638,0.07137865766013722,0.0215,63
PPARG,ENSG00000132170,0.6501887613256534,0.4334722619710724,0.1253995565017047,3.1690286742146876,17.0,39.21819569883917,406,585.8506229534762,223,215.72046876301388,1882.0,3.0,1.0,0.0,0.113,ARHALOFENATE (NCT00814372); MESALAMINE (NCT01038739); PIOGLITAZONE HYDROCHLORIDE (NCT00814372),3,first_drug,,False,0.004635628717729979,0.0017069197519303694,1.0337452040537853,False,0.3250943806628267,0.06591089348758648,0.0214,64
EDNRB,ENSG00000136160,0.5749560453758593,0.3877303264636786,0.6052442768197127,1.9031855011061471,18.0,46.42401889006272,434,537.4531598939822,213,204.95492364990633,2411.0,4.0,1.0,0.0,0.0122,AMBRISENTAN (NCT00768300); DARUSENTAN (NCT00353574); MACITENTAN (NCT03775421); MACITENTAN (NCT04271475),4,first_drug,,False,0.004879121624363363,0.001860627259494129,1.0392529059893962,False,0.28747802268792966,0.06937295570424191,0.0199,65
ACHE,ENSG00000087085,0.5176770906385761,0.3528024741470057,0.9482610303574964,3.576647987631912,19.0,53.854497607868474,605,849.4154182534891,392,378.09662987674034,2937.0,3.0,2.0,0.0,0.4652,DONEPEZIL (NCT01852110),1,first_drug,,False,0.005289653072686739,0.0023545605095234385,1.0367720022466007,False,0.25883854531928807,0.0752100268355548,0.0195,66
CASR,ENSG00000036828,0.4714370963027288,0.332758179698838,0.9963811589331664,5.004075683823525,23.0,69.11926258526867,924,1356.0737163302024,541,544.7196636385311,2620.0,8.0,3.0,0.0,0.2814,RONACALERET (NCT00471237),1,second_drug,ok,False,0.00550742005522819,0.0022122691147783468,0.9931714166261503,False,0.2357185481513644,0.07830630940376516,0.0185,67
PGR,ENSG00000082175,0.4587596174937386,0.3284730239341869,0.9987107926701202,0.6496849875546256,25.0,76.10975081171054,1172,1225.3237378446688,579,534.9934327038112,4452.0,11.0,3.0,0.0,0.3095,PROGESTERONE (NCT00822900),1,first_drug,,False,0.005607545469928959,0.0024483325568122652,1.082256275696289,False,0.2293798087468693,0.07972992547519517,0.0183,68
GART,ENSG00000159131,0.5172355366119287,0.401109623405471,0.5208979560169558,1.2212411975341244,43.0,107.20261367684124,1107,1206.4604263381163,434,426.9850630708829,5801.0,30.0,2.0,0.0,0.4362,PEMETREXED (NCT05226598),1,second_drug,ok,False,0.004684004601041475,0.0016577419004703354,1.016428998426,False,0.25861776830596434,0.0665987177044218,0.0172,69
ERBB2,ENSG00000141736,0.5065434293783412,0.4092889043809998,0.2452423776198788,4.718088493435104,61.0,149.03897796168002,1205,1655.053844142101,633,678.7458333879998,7109.0,8.0,3.0,0.0,0.6982,SAPITINIB (NCT01151215),1,second_drug,ok,False,0.004419916635105254,0.0018126298492452087,0.9326024100072088,False,0.2532717146891706,0.06284382816212487,0.0159,70
MET,ENSG00000105976,0.4586661895283841,0.3605992227717897,0.998970679178575,2.62940466969588,48.0,133.11176777099564,1442,1695.8918979548985,628,616.4645331762084,5148.0,19.0,3.0,1.0,0.0805,CABOZANTINIB (NCT04338269); TIVANTINIB (NCT01244191),2,second_drug,ok,False,0.004866460012781447,0.001768980678319028,1.0187122960089163,False,0.22933309476419206,0.06919292874712929,0.0159,71
PDGFRB,ENSG00000113721,0.4520776683312391,0.3495191954535528,0.999581662969727,3.632841586757296,42.0,120.16507403977852,1149,1476.283128831693,586,606.8151431499431,7233.0,29.0,3.0,0.0,0.0524,IMATINIB MESYLATE (NCT00124748); MOTESANIB (NCT00460317); MOTESANIB (NCT02629848),3,first_drug,,False,0.004943844981236245,0.0020321305184691453,0.9656977196681467,False,0.22603883416561954,0.07029321367587184,0.0159,72
TP53,ENSG00000141510,0.4183620979251529,0.2582140811696815,0.999595868281925,1.121638987172852,12.0,46.47306585931068,464,524.2143317886109,176,191.0778293042532,3340.0,22.0,1.0,0.0,0.2921,IDASANUTLIN (NCT02545283),1,first_drug,,False,0.005233469542966704,0.0019076166738669963,0.92109063956214,False,0.20918104896257644,0.07441119093461854,0.0156,73
FLT4,ENSG00000037280,0.2492891699719424,0.1837940969843889,1.0,3.49517742655537,30.0,163.22613452894595,1510,1863.8030436966076,884,789.5093937111649,9551.0,49.0,6.0,0.0,0.7746,AXITINIB (NCT01599754); MOTESANIB (NCT00460317); MOTESANIB (NCT02629848),3,first_drug,,False,0.007599656252088936,0.0032192242738802437,1.11968268780777,False,0.1246445849859712,0.10805441166111991,0.0135,74
PTH1R,ENSG00000160801,0.6082344705068092,0.4528243823102799,0.0094569671373369,2.521923201587194,32.0,70.66757279442005,626,792.4612726076604,329,324.7759688791333,3758.0,9.0,1.0,0.0,0.0237,TERIPARATIDE (NCT00471237),1,second_drug,ok,False,0.0030790455446910053,0.001261891318309368,1.0130059842033408,False,0.3041172352534046,0.043778882066926095,0.0133,75
SCN4A,ENSG00000007314,0.6149036175848166,0.51230606631626,3.9899555240853735e-10,2.29069938031806,83.0,162.01252621662678,2196,2462.533304883427,944,985.1142311453996,9659.0,33.0,3.0,0.0,0.5603,BUPIVACAINE HYDROCHLORIDE (NCT04826484),1,first_drug,,False,0.003045332109873063,0.0012182576349528869,0.9582645039067238,False,0.3074518087924083,0.043299533364367745,0.0133,76
BIRC2,ENSG00000110330,0.4384876768200654,0.2957008130466774,0.999518075947326,0.433782109869508,18.0,60.87233854564558,701,728.4513845057288,282,247.69728248661133,2295.0,2.0,1.0,0.0,0.0479,BIRINAPANT (NCT02147873),1,second_drug,ok,False,0.004037185995587386,0.0013727752067881967,1.138486450755643,False,0.2192438384100327,0.0574020380724192,0.0126,77
NR3C1,ENSG00000113580,0.2956078119028543,0.1890897142243455,0.999999995005652,3.036958423110445,14.0,74.0389293908906,695,909.7831012210112,308,332.5209619195749,2566.0,8.0,2.0,0.0,0.0511,BUDESONIDE (NCT04193878); DEXAMETHASONE (NCT01975727); METHYLPREDNISOLONE (NCT03584516); PREDNISONE (NCT00430677); PREDNISONE (NCT00676650); PREDNISONE (NCT02626455); PREDNISONE (NCT03584516); PREDNIS,8,first_drug,,False,0.0060146584096666044,0.0021983261695186678,0.9262573950886571,False,0.14780390595142714,0.08551839112729469,0.0126,78
TLR7,ENSG00000196664,0.5075745618805718,0.3132762259561651,0.9767340139235904,3.744175294421858,12.0,38.30485369061835,504,743.3577144705697,285,293.7714239675943,1268.0,4.0,1.0,0.0,0.1967,HYDROXYCHLOROQUINE SULFATE (NCT04329923),1,first_drug,,False,0.003404007055874534,0.0013452473560622354,0.9701420109242421,False,0.2537872809402859,0.0483992916931895,0.0123,79
KDR,ENSG00000128052,0.3446456733708776,0.2672683651236378,0.9999999999978642,2.062119490739699,43.0,160.88697957241698,1469,1666.3751857034713,617,600.1147982264924,6558.0,20.0,3.0,0.0,0.3599,AXITINIB (NCT01599754); CABOZANTINIB (NCT04338269); MOTESANIB (NCT00460317); MOTESANIB (NCT02629848),4,first_drug,,False,0.004999043531114116,0.0018003148545047076,1.0281366195658033,False,0.1723228366854388,0.07107804480951171,0.0122,80
PTK2,ENSG00000169398,0.3844846007951492,0.2998845405564014,0.9999999944781984,4.580599738930777,45.0,150.05775194849207,919,1307.3366625484064,432,449.2193371048237,9674.0,28.0,2.0,0.0,0.1874,DEFACTINIB (NCT01870609),1,first_drug,,False,0.004452168094298459,0.0015298278226982306,0.9616683083684672,False,0.1922423003975746,0.06330239001449503,0.0122,81
GAS6,ENSG00000183087,0.7014664502008777,0.5406300604921149,2.0170419169519044e-06,1.1993758650259354,41.0,75.8374404166118,854,940.2313111838214,432,412.57065508291856,4908.0,12.0,1.0,0.0,0.0118,BATIRAXCEPT (NCT04729608),1,first_drug,,False,0.0024238272588704103,0.0010635680689477628,1.0470933758320173,False,0.35073322510043886,0.03446277301732386,0.0121,82
KEAP1,ENSG00000079999,0.6045371715684937,0.4356830449358286,0.058703943223083,4.802819002848801,26.0,59.676409954923805,539,871.4343450888884,350,358.3095758453438,2644.0,9.0,1.0,1.0,0.0239,DIMETHYL FUMARATE (NCT02975349),1,second_drug,ok,False,0.0027908827098487242,0.0011475333806105583,0.9768089484470535,False,0.30226858578424687,0.03968168812174938,0.012,83
S1PR1,ENSG00000170989,0.3432056922553397,0.1090269830519924,0.9976324496625056,3.047339854837878,2.0,18.344082758359427,335,493.7731044292755,222,211.19689474371555,805.0,3.0,1.0,0.0,0.0182,ETRASIMOD (NCT04173273); FINGOLIMOD HYDROCHLORIDE (NCT00731692),2,first_drug,,False,0.004734918101961139,0.002025221687916444,1.0511518186353728,False,0.17160284612766985,0.06732262260287954,0.0116,84
DRD2,ENSG00000149295,0.3797579045083011,0.2104701739224082,0.9997961472204036,3.5420917761605444,8.0,38.010136310094346,403,607.744734483584,230,238.5620550227497,1913.0,6.0,1.0,0.0,0.0232,BIFEPRUNOX (NCT00658645); BIFEPRUNOX (NCT00704509); HALOPERIDOL (NCT03628391); MOLINDONE (NCT02691182); QUETIAPINE (NCT00658645); QUETIAPINE (NCT00704509),6,first_drug,,False,0.004191781462918058,0.001645427666024495,0.9641097364711534,False,0.18987895225415055,0.05960012726405862,0.0113,85
TOP2A,ENSG00000131747,0.4445183060071672,0.363274831092774,0.9999106616798769,6.143970109165111,68.0,187.1861031369773,1196,1808.6606184070656,542,593.2097032656113,6770.0,13.0,2.0,0.0,0.0499,DOXORUBICIN (NCT02626455); DOXORUBICIN HYDROCHLORIDE (NCT00005047),2,first_drug,,False,0.0033714890181162365,0.0011057906495257534,0.9136735239095001,False,0.2222591530035836,0.04793693953911923,0.0107,86
SLC6A2,ENSG00000103546,0.5034980895685791,0.3628653308670153,0.9608751083583686,3.353147732117959,26.0,71.65192645402823,581,803.9214300144773,363,337.88665978493844,3499.0,11.0,1.0,0.0,0.0166,BICIFADINE (NCT00597649); EDIVOXETINE (NCT00965419); LISDEXAMFETAMINE DIMESYLATE (NCT01436175); VENLAFAXINE (NCT00354432),4,first_drug,,False,0.0029595723034359814,0.0012439026534993495,1.0743247461472611,False,0.25174904478428956,0.04208017223521362,0.0106,87
MDM2,ENSG00000135679,0.2829601733806156,0.1709493050119289,0.9999999841351008,3.3578042845001237,11.0,64.34656168524589,388,577.1425581496339,194,192.89591668112163,3015.0,8.0,1.0,1.0,0.4702,IDASANUTLIN (NCT02545283),1,first_drug,,False,0.005184142916063439,0.0017326741649516914,1.0057237257163072,False,0.1414800866903078,0.07370984873275317,0.0104,88
RET,ENSG00000165731,0.2356662003104965,0.1606090361074428,0.9999999999999992,3.1149695097258885,19.0,118.29969508869692,1219,1502.0681080633994,597,644.1174179378845,6544.0,25.0,4.0,0.0,0.4598,MOTESANIB (NCT00460317); MOTESANIB (NCT02629848),2,first_drug,,False,0.006210047871094428,0.0026629950922512813,0.9268496447608434,False,0.11783310015524825,0.08829650274169347,0.0104,89
NPC1L1,ENSG00000015520,0.9909074834703536,0.8377628644229179,5.859779414327441e-28,1.75365222923659,98.0,116.9782096602074,1540,1710.034989768963,729,727.6486952185633,5804.0,18.0,1.0,0.0,0.0117,EZETIMIBE (NCT02260648),1,second_drug,ok,False,0.0013742895528722563,0.0005847833558862481,1.0018570840438747,False,0.4954537417351768,0.01954010078374495,0.0097,90
SLC6A4,ENSG00000108576,0.427963840399885,0.2997059166408055,0.9998745655239176,3.2328323116597293,22.0,73.40529091511655,593,808.5390748124873,270,315.50107357640746,3099.0,1.0,1.0,0.0,0.0174,BICIFADINE (NCT00597649); VENLAFAXINE (NCT00354432),2,first_drug,,False,0.0031695613224524315,0.0012367986052274783,0.8557815570621565,False,0.2139819201999425,0.04506586516032208,0.0096,91
ITGA4,ENSG00000115232,0.5815285484106696,0.4714953104273438,1.270774592241386e-05,2.1297046419179813,63.0,133.61744773855634,1076,1252.7432088882194,483,438.034974597773,7810.0,24.0,1.0,0.0,0.3009,NATALIZUMAB (NCT01416181),1,first_drug,,False,0.00228292272989903,0.0007982481907744499,1.1026516785412313,False,0.2907642742053348,0.03245934608940134,0.0094,92
HMGCR,ENSG00000113161,0.433003626760854,0.3223667998670253,0.9999335526421148,5.011752898284163,32.0,99.26580532858792,708,1097.2567043267072,343,361.3073682900385,3794.0,8.0,1.0,0.0,0.0179,ATORVASTATIN (NCT00741715); ATORVASTATIN (NCT02260648); ROSUVASTATIN (NCT00979121); SIMVASTATIN (NCT00120289); SIMVASTATIN (NCT01057758); SIMVASTATIN (NCT01061671),6,first_drug,,False,0.00276772656127304,0.0009113637638820485,0.9493302105166527,False,0.216501813380427,0.03935244638663863,0.0085,93
PTK2B,ENSG00000120899,0.6051744812854586,0.4967211566736806,7.263402388135249e-08,2.52843824850563,71.0,142.9373382753721,1105,1320.427942749446,519,503.37651313359737,6219.0,24.0,1.0,0.0,0.4445,DEFACTINIB (NCT01870609),1,first_drug,,False,0.0019865845424031484,0.0007573302318320843,1.0310373775072341,False,0.3025872406427293,0.028245912291814966,0.0085,94
PDGFRA,ENSG00000134853,0.2874198450211174,0.2057933218894758,0.9999999999998104,3.9195446163465704,25.0,121.48110429660392,1008,1345.052506430127,463,494.8085017090556,5717.0,18.0,2.0,0.0,0.1371,MOTESANIB (NCT00460317); MOTESANIB (NCT02629848),2,first_drug,,False,0.004041967737199447,0.0014869308004251476,0.9357155311616719,False,0.1437099225105587,0.057470026447086105,0.0083,95
NISCH,ENSG00000010322,0.4975876543556854,0.397487727751637,0.7136005570728154,3.4522254475622565,55.0,138.36905182231374,1643,2005.4952297090852,860,861.5108183008833,7695.0,29.0,2.0,0.0,0.217,MOXONIDINE (NCT00244504),1,first_drug,,False,0.002321503058945336,0.0009972599138468744,0.9982463153464943,False,0.2487938271778427,0.033007893894526755,0.0082,96
BTK,ENSG00000010671,0.1831070994295915,0.0870857468937627,0.9999999996796236,5.851790366076608,5.0,57.414676664593294,194,501.164722149477,154,174.2812767912815,2335.0,12.0,1.0,0.0,0.2344,EVOBRUTINIB (NCT02975349); FENEBRUTINIB (NCT03407482); RILZABRUTINIB (NCT03762265),3,first_drug,,False,0.005737851009650312,0.0019953519388017514,0.883629055486148,False,0.09155354971479575,0.08158265248859202,0.0075,97
PARP1,ENSG00000143799,0.4768056265702842,0.3708409117351495,0.989734225683642,2.0614168395986723,44.0,118.64926066038882,1100,1272.4139322413948,492,483.1716617599211,5580.0,20.0,1.0,0.0,0.1681,NIRAPARIB (NCT01905592),1,first_drug,,False,0.002069657803103695,0.0007859077731398856,1.0182716391270181,False,0.2384028132851421,0.029427075230244057,0.007,98
GRIA1,ENSG00000155511,0.4219577002549077,0.312653670673863,0.9999793704168496,4.706645849453688,31.0,99.15124275747552,782,1157.452952887066,438,432.43408560759264,4980.0,21.0,1.0,1.0,0.036,PERAMPANEL (NCT00360412),1,first_drug,,False,0.0023124911594213193,0.0008639660018194892,1.0128711278265379,False,0.21097885012745385,0.032879759743623664,0.0069,99
EGFR,ENSG00000146648,0.504692914125459,0.4055620976439725,0.3890693445792946,2.919355815974126,58.0,143.0113916880763,1307,1579.0010426019326,613,594.4427707156876,6551.0,25.0,1.0,0.0,0.268,CETUXIMAB (NCT00946712); ERLOTINIB (NCT01244191); SAPITINIB (NCT01151215),3,first_drug,,False,0.0016822477272219764,0.0006333118047548375,1.0312178567870716,False,0.2523464570627295,0.02391875137553255,0.006,100
BCR,ENSG00000186716,0.5209051001376047,0.4185899171010249,0.0646305456569479,1.315409697502577,58.0,138.5604326107118,1599,1727.1805829390516,786,730.1263508648331,7993.0,27.0,1.0,0.0,0.1642,IMATINIB MESYLATE (NCT00124748),1,first_drug,,False,0.0013696259542139552,0.0005789782550116172,1.0765260000121688,False,0.26045255006880236,0.019473792204444694,0.0051,101
NCBP1,ENSG00000136937,0.2176152002211944,0.1432787492521253,0.9999999999999996,4.831084757912107,16.0,111.6704332185721,607,957.518133304496,304,314.30271060645714,4440.0,9.0,1.0,0.0,0.0163,OBEFAZIMOD (NCT04393038),1,first_drug,,False,0.0031816461209337584,0.0010443666445761133,0.9672204207638625,False,0.1088076001105972,0.04523769079909147,0.0049,102
MYH7,ENSG00000092054,0.662470606603184,0.5723756058809424,6.6431963814459954e-21,7.378650026979123,129.0,225.37648123814836,1649,2516.978564676292,971,1007.6424564336768,8212.0,29.0,1.0,0.0,0.0115,MAVACAMTEN (NCT05582395),1,first_drug,,False,0.0009924155077181587,0.00039730175458550625,0.9636354579943321,False,0.331235303301592,0.014110490034385612,0.0047,103
PIK3CA,ENSG00000121879,0.2694577141767922,0.195394709493107,0.9999999999999996,8.751433431539786,27.0,138.18183752284494,544,1277.3859621514866,358,413.1600458912368,4715.0,25.0,1.0,0.0,0.0661,COPANLISIB (NCT02626455),1,first_drug,,False,0.0024203695636708473,0.0007828487470738377,0.8664923037941633,False,0.1347288570883961,0.034413610369948916,0.0046,104
KIT,ENSG00000157404,0.2299249950490441,0.1513835691575907,0.999999999999992,4.355090101388107,16.0,105.69178735206032,858,1213.7588175870376,438,441.0489921043307,4299.0,14.0,1.0,0.0,0.0953,IMATINIB MESYLATE (NCT00124748); MOTESANIB (NCT00460317); MOTESANIB (NCT02629848),3,first_drug,,False,0.0022673218120934937,0.0008238869085935937,0.9930869536969502,False,0.11496249752452205,0.032237527109840604,0.0037,105
DNMT1,ENSG00000130816,0.1643998803545484,0.1168982574778145,1.0,8.085103749234499,24.0,205.3067386787594,1293,2177.6512391202295,817,839.8189152543484,9319.0,35.0,2.0,0.0,0.1031,AZACITIDINE (NCT02147873); AZACITIDINE (NCT04313881); AZACITIDINE (NCT05079230),3,first_drug,,False,0.0023814657703848906,0.0009184207113017782,0.9728287672022278,False,0.0821999401772742,0.03386046344389625,0.0028,106
PIK3CD,ENSG00000171608,0.2364994392500996,0.162754996855936,0.9999999999999998,7.043594238095516,20.0,122.88409195634816,787,1406.3449267966068,596,593.4254883890492,4922.0,12.0,1.0,0.0,0.0262,COPANLISIB (NCT02626455); PARSACLISIB (NCT04551053); PARSACLISIB (NCT04551066),3,first_drug,,False,0.0016851315279946333,0.0007110631118624751,1.0043383906848016,False,0.1182497196250498,0.02395975420322646,0.0028,107
ABL1,ENSG00000097007,0.1923020724661369,0.1161785605644944,0.9999999999999958,4.50226630176298,11.0,94.68184100881112,1082,1489.4088663751456,656,622.4180482957618,4022.0,7.0,1.0,0.0,0.0185,IMATINIB MESYLATE (NCT00124748),1,first_drug,,False,0.0016066372155147052,0.0006714073096890806,1.0539540133776466,False,0.09615103623306845,0.02284369625633822,0.0022,108
ADORA1,ENSG00000163485,0.5949641088648107,0.3014410899587946,0.8711033748616624,2.7918617525723395,6.0,19.904386627649757,302,439.18625797230027,194,188.38575162054025,1139.0,2.0,0.0,0.0,0.0,ADENOSINE (NCT00612521); CAFFEINE CITRATE (NCT03340727),2,first_drug,,False,0.0,0.0,1.0298018737147827,False,0.29748205443240533,0.0,0.0,109
ADORA2A,ENSG00000128271,0.9884881177301968,0.5971913104224269,0.0066122314067058,1.9362692206032976,11.0,18.41955803445814,449,556.057725116107,218,237.31141651525627,1212.0,1.0,0.0,0.0,0.0,ADENOSINE (NCT00612521); CAFFEINE CITRATE (NCT03340727),2,first_drug,,False,0.0,0.0,0.9186241572410202,False,0.4942440588650984,0.0,0.0,110
ADRA1B,ENSG00000170214,1.4220573096188576,0.9480668312324808,2.308395789691096e-06,0.6522801500204366,17.0,17.931225352436506,681,722.0983774649414,366,327.59961878358416,2908.0,3.0,0.0,0.0,0.0,TAMSULOSIN (NCT02518971),1,first_drug,,False,0.0,0.0,1.117217417282111,False,0.7110286548094288,0.0,0.0,111
ALOX5,ENSG00000012779,0.8965421924674865,0.7281102506874599,4.571893566164595e-16,1.210485551883987,64.0,87.8987762355675,822,907.501888764436,388,355.14776980135167,4284.0,14.0,0.0,0.0,0.0,MESALAMINE (NCT01038739),1,first_drug,,False,0.0,0.0,1.0925029888742477,False,0.4482710962337432,0.0,0.0,112
APP,ENSG00000142192,0.4127209613298042,0.3058096189401342,0.9999931827833108,2.2177737548963834,31.0,101.37025809534332,839,1003.7487292920924,366,364.3918964198864,4295.0,8.0,0.0,0.0,0.0,ADUCANUMAB (NCT02477800); ADUCANUMAB (NCT02484547); BAPINEUZUMAB (NCT00996918); BAPINEUZUMAB (NCT00998764); SOLANEZUMAB (NCT01127633); SOLANEZUMAB (NCT01900665),6,first_drug,,False,0.0,0.0,1.0044131156480511,False,0.2063604806649021,0.0,0.0,113
BACE1,ENSG00000186318,0.5597184991583963,0.3886877043816062,0.6320809032286518,2.4915515573989735,21.0,54.027950365475405,511,661.2229036538608,232,260.8989076869055,2649.0,4.0,0.0,0.0,0.0,ELENBECESTAT (NCT02956486); LANABECESTAT (NCT02245737); LANABECESTAT (NCT02783573),3,first_drug,,False,0.0,0.0,0.8892333128447363,False,0.27985924957919817,0.0,0.0,114
BCL2,ENSG00000171791,0.3329581301585409,0.0701871077615643,0.9946376486444674,1.4355136171327696,1.0,14.24763082412718,247,305.86610825359185,151,137.20160431064144,1083.0,6.0,0.0,0.0,0.0,VENETOCLAX (NCT05079230),1,second_drug,ok,False,0.0,0.0,1.100570221162409,False,0.16647906507927046,0.0,0.0,115
BIRC3,ENSG00000023445,0.6119890107998445,0.4410535004832743,0.0415922270331768,1.1274294803703313,26.0,58.949764533126014,641,711.5136736987453,243,249.22736843875705,2453.0,11.0,0.0,0.0,0.0,BIRINAPANT (NCT02147873),1,second_drug,ok,False,0.0,0.0,0.9750133042058449,False,0.30599450539992223,0.0,0.0,116
CALCB,ENSG00000175868,1.3444366956546108,0.7451163538740992,0.005055487885633,-0.4531587084853007,8.0,10.736578198029653,176,162.4570899263559,76,66.91208253014808,869.0,2.0,0.0,0.0,0.0,FREMANEZUMAB (NCT02945046); FREMANEZUMAB (NCT03107052),2,first_drug,,False,0.0,0.0,1.1358187807972833,False,0.6722183478273054,0.0,0.0,117
CCN2,ENSG00000118523,0.94680935687483,0.6630568739665385,1.4788691198187571e-05,0.5682370241355418,22.0,33.17965752830766,469,498.7553907782319,178,200.6197158637058,2251.0,3.0,0.0,0.0,0.0,PAMREVLUMAB (NCT03955146),1,first_drug,,False,0.0,0.0,0.8872507830732206,False,0.473404678437415,0.0,0.0,118
CD274,ENSG00000120217,0.4798834988317069,0.2659619780459246,0.9894387413172834,-0.1472680148553096,8.0,30.079487522154803,353,346.57168278147736,152,124.60064129425972,1598.0,4.0,0.0,0.0,0.0,ATEZOLIZUMAB (NCT02450331); ATEZOLIZUMAB (NCT04338269); AVELUMAB (NCT02952586),3,first_drug,,False,0.0,0.0,1.219897413216625,False,0.23994174941585344,0.0,0.0,119
CD3E,ENSG00000198851,0.7007847405093005,0.461399576008885,0.0481985216488277,0.8275181569807825,16.0,34.677101653192445,223,253.91839515960316,70,90.79449685766002,1697.0,10.0,0.0,0.0,0.0,VISILIZUMAB (NCT00279422),1,first_drug,,False,0.0,0.0,0.7709718366493084,False,0.35039237025465025,0.0,0.0,120
CD47,ENSG00000196776,0.4081294339962966,0.2465698344152854,0.9997000633464088,1.750420374793286,11.0,44.61210766550316,306,386.7100090217406,140,136.32425473345785,3406.0,0.0,0.0,0.0,0.0,MAGROLIMAB (NCT04313881); MAGROLIMAB (NCT05079230),2,second_drug,ok,False,0.0,0.0,1.026963252238048,False,0.2040647169981483,0.0,0.0,121
CHRM1,ENSG00000168539,0.3323158479567612,0.1580494361720621,0.9998763164597866,4.701320048793311,5.0,31.63567122477234,338,610.3292088084687,227,249.7165481774939,852.0,5.0,0.0,0.0,0.0,MK-7622 (NCT01852110),1,second_drug,ok,False,0.0,0.0,0.9090306655955079,False,0.1661579239783806,0.0,0.0,122
CYP17A1,ENSG00000148795,0.9659688578061127,0.7004631688762024,4.637041197478612e-07,1.6263958757971622,27.0,38.54592389678078,549,645.9186861878211,263,253.28057000485256,2993.0,7.0,0.0,0.0,0.0,GALETERONE (NCT01709734),1,first_drug,,False,0.0,0.0,1.038374163462129,False,0.4829844289030564,0.0,0.0,123
CYP46A1,ENSG00000036530,0.459119952752432,0.3159587468945261,0.9983321559163024,3.718695194605384,20.0,63.29940283842319,445,670.8346991774223,268,273.54700788817377,4579.0,8.0,0.0,0.0,0.0,SOTICLESTAT (NCT03635073); SOTICLESTAT (NCT05163314),2,first_drug,,False,0.0,0.0,0.979721920809891,False,0.229559976376216,0.0,0.0,124
DHFR,ENSG00000228716,0.7331005468608124,0.4428998876147362,0.1461903078300137,2.2732268742616797,11.0,24.83631246609963,142,221.2894634811182,49,74.42987663715309,1300.0,3.0,0.0,0.0,0.0,METHOTREXATE (NCT01230827); METHOTREXATE (NCT00005047); PEMETREXED (NCT05226598),3,second_drug,ok,False,0.0,0.0,0.6583377833457368,False,0.3665502734304062,0.0,0.0,125
DNMT3A,ENSG00000119772,2.512598856977629,2.270391214505107,1.4132864125860657e-142,2.777358744009416,267.0,117.60087789900994,1029,1260.1743395873798,432,474.8045697863611,8120.0,8.0,0.0,0.0,0.0,AZACITIDINE (NCT02147873); AZACITIDINE (NCT04313881); AZACITIDINE (NCT05079230),3,first_drug,,False,0.0,0.0,0.9098480248292027,False,1.0,0.0,0.0,126
EDNRA,ENSG00000151617,0.4396982051328366,0.2656419865891992,0.9985186331864064,4.387064141015424,11.0,41.40911661307102,294,531.0458266831349,172,183.03228666866735,1468.0,7.0,0.0,0.0,0.0,AMBRISENTAN (NCT00768300); DARUSENTAN (NCT00353574); MACITENTAN (NCT03775421); MACITENTAN (NCT04271475),4,first_drug,,False,0.0,0.0,0.9397249148253365,False,0.2198491025664183,0.0,0.0,127
ESR1,ENSG00000091831,0.368724764118244,0.2275778007699288,0.9999821805789268,2.9895287808605135,12.0,52.72922033433073,584,779.7350477528654,305,316.76932788982987,2777.0,12.0,0.0,0.0,0.0,TOREMIFENE (NCT00097344); TOREMIFENE (NCT00267553),2,second_drug,ok,False,0.0,0.0,0.9628457465619172,False,0.184362382059122,0.0,0.0,128
F10,ENSG00000126218,1.065488370424015,0.78144671182293,1.8077907907637693e-08,2.1270616340492032,29.0,37.11065586590015,539,667.891856119648,262,268.60533274584066,2525.0,7.0,0.0,0.0,0.0,RIVAROXABAN (NCT04504032),1,first_drug,,False,0.0,0.0,0.9754087803160232,False,0.5327441852120075,0.0,0.0,129
FCGRT,ENSG00000104870,0.5792536981911653,0.3643357239148945,0.7686570410855381,0.3902458157223966,13.0,35.68137612285498,455,474.9411633286926,233,216.53952834840584,2828.0,7.0,0.0,0.0,0.0,EFGARTIGIMOD ALFA (NCT04598477),1,first_drug,,False,0.0,0.0,1.0760160132292786,False,0.2896268490955827,0.0,0.0,130
FGG,ENSG00000171557,0.5626308841932925,0.3871932554186522,0.6418320224279535,1.3691534751429626,20.0,51.65379231199424,460,534.1986228472304,184,184.7419010049871,1989.0,1.0,0.0,0.0,0.0,ANCROD (NCT00300196),1,first_drug,,False,0.0,0.0,0.9959841216261649,False,0.2813154420966463,0.0,0.0,131
FKBP1A,ENSG00000088832,0.7428775978729515,0.3533126277623471,0.56208403607985,3.1049683959515337,5.0,14.15177269962513,53,138.75911032594104,42,49.05563207420111,1680.0,3.0,0.0,0.0,0.0,EVEROLIMUS (NCT01374451),1,first_drug,,False,0.0,0.0,0.8561708049438885,False,0.37143879893647574,0.0,0.0,132
FLT1,ENSG00000102755,0.3978365462596334,0.3135541166713716,0.9999999663857958,3.3227890048104465,49.0,156.2728645382631,1322,1637.2479908308092,594,583.7508528170706,7695.0,24.0,0.0,0.0,0.0,AXITINIB (NCT01599754); MOTESANIB (NCT00460317); MOTESANIB (NCT02629848),3,first_drug,,False,0.0,0.0,1.0175573999309278,False,0.1989182731298167,0.0,0.0,133
FOLR1,ENSG00000110195,0.7979620515034965,0.4820857172253936,0.0584758575808692,1.12625198021962,11.0,22.81751897423893,273,320.25829991193723,108,116.5521347849012,875.0,1.0,0.0,0.0,0.0,FARLETUZUMAB (NCT00849667),1,first_drug,,False,0.0,0.0,0.9266239541585034,False,0.39898102575174826,0.0,0.0,134
GNRHR,ENSG00000109163,0.7791278315106506,0.498380127562388,0.02141208480915,0.3515609540481362,14.0,28.091007698230214,366,382.1134723807563,141,140.53366217497276,1117.0,2.0,0.0,0.0,0.0,CETRORELIX (NCT00449150); DEGARELIX (NCT00215657),2,first_drug,,False,0.0,0.0,1.00331833539246,False,0.3895639157553253,0.0,0.0,135
GRIA2,ENSG00000120251,0.225009945321466,0.1439307912216267,0.999999999999954,6.67374864187894,14.0,97.2689712963684,558,1069.8204320663565,412,387.8120591617457,4624.0,5.0,0.0,0.0,0.0,PERAMPANEL (NCT00360412),1,first_drug,,False,0.0,0.0,1.0623702648404911,False,0.112504972660733,0.0,0.0,136
GRIA3,ENSG00000125675,0.1230132647107299,0.047595581878397,0.9999999999983294,5.701293484573716,3.0,63.03106048088165,347,700.9143836761067,274,257.9468438734661,3684.0,10.0,0.0,0.0,0.0,PERAMPANEL (NCT00360412),1,first_drug,,False,0.0,0.0,1.0622343576121003,False,0.06150663235536495,0.0,0.0,137
GRIA4,ENSG00000152578,0.4352840735811727,0.3269514674228132,0.9999268626328236,4.462659795002402,34.0,103.99096926526788,750,1096.4878608912295,386,381.8462868838852,5167.0,12.0,0.0,0.0,0.0,PERAMPANEL (NCT00360412),1,first_drug,,False,0.0,0.0,1.010877971735726,False,0.21764203679058636,0.0,0.0,138
GRIN1,ENSG00000176884,0.4834010519122418,0.3687975621425788,0.9843230046447402,8.457052949384208,38.0,103.0375574589862,577,1288.9045251815292,544,532.693696846075,6385.0,10.0,0.0,0.0,0.0,AMANTADINE (NCT04952519); AV-101 (NCT05036135); AV-101 (NCT05557942),3,first_drug,,False,0.0,0.0,1.0212247736755031,False,0.2417005259561209,0.0,0.0,139
GRIN2A,ENSG00000183454,0.277069250351326,0.194033434161012,0.9999999999997278,3.779858205355719,22.0,113.38252139445228,1502,1886.9931474113105,827,738.4336179380547,4962.0,10.0,0.0,0.0,0.0,AMANTADINE (NCT04952519); AV-101 (NCT05036135); AV-101 (NCT05557942),3,first_drug,,False,0.0,0.0,1.1199381771231534,False,0.138534625175663,0.0,0.0,140
GRIN2B,ENSG00000273079,0.0917793194721624,0.0436502495563143,1.0,8.082912582046218,5.0,114.54688233911168,1108,1943.514776227988,787,745.1074052786887,4215.0,17.0,0.0,0.0,0.0,AMANTADINE (NCT04952519); AV-101 (NCT05036135); AV-101 (NCT05557942),3,first_drug,,False,0.0,0.0,1.0562235651189675,False,0.0458896597360812,0.0,0.0,141
GRIN2D,ENSG00000105464,0.4718255881861064,0.3586517257078286,0.9956352725692164,3.450324883817174,37.0,103.16414880474214,1557,1910.622386638064,845,885.6474636566653,8924.0,14.0,0.0,0.0,0.0,AMANTADINE (NCT04952519); AV-101 (NCT05036135); AV-101 (NCT05557942),3,first_drug,,False,0.0,0.0,0.9541042397515148,False,0.2359127940930532,0.0,0.0,142
GRM5,ENSG00000168959,0.3354389961213168,0.228605263584306,0.9999999750972306,4.582999434629286,19.0,83.11269697862008,1160,1588.2547796661524,675,633.6402657418744,5176.0,9.0,0.0,0.0,0.0,MAVOGLURANT (NCT01348087); MAVOGLURANT (NCT01433354),2,first_drug,,False,0.0,0.0,1.0652732102018503,False,0.1677194980606584,0.0,0.0,143
GUCY1A1,ENSG00000164116,0.9470927507108644,0.7445957814119617,1.2530690208408505e-12,0.3159672206753726,48.0,64.46450704968888,804,825.2831471597831,308,303.3985026292184,2880.0,5.0,0.0,0.0,0.0,NITRIC OXIDE (NCT02725372),1,first_drug,,False,0.0,0.0,1.0151665131202214,False,0.4735463753554322,0.0,0.0,144
GUCY1A2,ENSG00000152402,0.5861493138113386,0.4250406236898703,0.1108587524955384,2.051110964017394,27.0,63.52333987656784,768,913.3445699578664,364,343.46664244283363,4223.0,11.0,0.0,0.0,0.0,NITRIC OXIDE (NCT02725372),1,first_drug,,False,0.0,0.0,1.0597826834394375,False,0.2930746569056693,0.0,0.0,145
HSP90AB1,ENSG00000096384,0.376157799987966,0.2507794383993953,0.9999955177497326,2.9840787206860595,17.0,67.78865168732663,690,899.8930476828932,390,312.8579381896362,3030.0,10.0,0.0,0.0,0.0,GANETESPIB (NCT01798485),1,first_drug,,False,0.0,0.0,1.2465721734815143,False,0.188078899993983,0.0,0.0,146
HTR3A,ENSG00000166736,1.052751414264853,0.821109281188409,3.5154576312902373e-13,-0.739452869444225,45.0,54.803911039551934,657,614.0364743639069,297,255.95892110610544,2838.0,11.0,0.0,0.0,0.0,RENZAPRIDE (NCT00607971),1,first_drug,,False,0.0,0.0,1.1603424436879908,False,0.5263757071324265,0.0,0.0,147
HTR4,ENSG00000164270,0.6601741119084973,0.4346613699168872,0.1281573932946612,1.0173523761423058,16.0,36.81026451248567,438,490.84911762374384,189,185.14499439305905,3227.0,13.0,0.0,0.0,0.0,PRUCALOPRIDE (NCT04759833); RENZAPRIDE (NCT00607971),2,first_drug,,False,0.0,0.0,1.0208215491840782,False,0.33008705595424864,0.0,0.0,148
HTR6,ENSG00000158748,1.3296999347346878,0.8635488144263725,2.3602191877437244e-05,0.6528577949236535,15.0,17.370181916078494,578,615.9925689168012,326,295.50703069514105,1853.0,6.0,0.0,0.0,0.0,INTEPIRDINE (NCT02928445),1,first_drug,,False,0.0,0.0,1.103188642358621,False,0.6648499673673439,0.0,0.0,149
IL33,ENSG00000137033,1.7833772967192716,1.3556097021262896,2.3090042515888047e-16,-2.2875773047728027,37.0,27.293991730779936,406,311.35531111073306,132,102.87641971974574,1985.0,6.0,0.0,0.0,0.0,ITEPEKIMAB (NCT03736967); TORUDOKIMAB (NCT03831191),2,first_drug,,False,0.0,0.0,1.283092863841804,False,0.8916886483596358,0.0,0.0,150
IMPDH1,ENSG00000106348,0.7237034032233157,0.5577683929871876,6.305031130791036e-07,2.670079407299512,41.0,73.507212878127,645,824.80053233189,318,334.3417116632857,4483.0,11.0,0.0,0.0,0.0,MYCOPHENOLATE MOFETIL (NCT00430677); MYCOPHENOLATE MOFETIL (NCT00318474),2,second_drug,ok,False,0.0,0.0,0.9511227253638536,False,0.36185170161165786,0.0,0.0,151
IMPDH2,ENSG00000178035,0.7632724059046239,0.5708315573089033,4.573606591951081e-06,3.5408586321185926,33.0,57.81039884265223,446,659.1545132250319,270,241.3104788282763,2857.0,3.0,0.0,0.0,0.0,MYCOPHENOLATE MOFETIL (NCT00430677); MYCOPHENOLATE MOFETIL (NCT00318474),2,second_drug,ok,False,0.0,0.0,1.1188904904214292,False,0.38163620295231193,0.0,0.0,152
ITGB1,ENSG00000150093,0.3900430417197087,0.2773441916140604,0.9999979167315394,5.418097422911092,24.0,86.53507347793067,556,946.9289539639204,323,316.7571418046295,4559.0,18.0,0.0,0.0,0.0,NATALIZUMAB (NCT01416181),1,first_drug,,False,0.0,0.0,1.0197086580583588,False,0.19502152085985436,0.0,0.0,153
JAK1,ENSG00000162434,0.17790951011013,0.1171363584102942,1.0,6.620439806909,16.0,136.59294361838278,859,1450.129382925341,492,519.5545964027341,5104.0,16.0,0.0,0.0,0.0,BARICITINIB (NCT04891133); ITACITINIB (NCT03584516); RUXOLITINIB (NCT04551053); RUXOLITINIB (NCT04551066),4,first_drug,,False,0.0,0.0,0.9469649646187037,False,0.088954755055065,0.0,0.0,154
JAK2,ENSG00000096968,0.738709681829725,0.6174502535225439,1.192797862619491e-16,-0.7023645562885266,86.0,139.28247580978606,1421,1360.2612184885934,490,437.67643029804174,6809.0,6.0,0.0,0.0,0.0,BARICITINIB (NCT04891133); RUXOLITINIB (NCT04551053); RUXOLITINIB (NCT04551066),3,first_drug,,False,0.0,0.0,1.1195485205048117,False,0.3693548409148625,0.0,0.0,155
JAK3,ENSG00000105639,0.8698544956433842,0.7285705613878288,1.0028722955716938e-21,2.7234530441495757,88.0,120.78445748943224,1254,1501.437705944095,592,628.6111377217629,7302.0,31.0,0.0,0.0,0.0,RUXOLITINIB (NCT04551053); RUXOLITINIB (NCT04551066),2,second_drug,ok,False,0.0,0.0,0.9417586874861135,False,0.4349272478216921,0.0,0.0,156
LTB,ENSG00000227507,1.7330861134541498,1.155425627871406,3.017308968958557e-07,0.8593368267299707,17.0,14.713192774958966,288,324.28429698211124,163,157.32620737535078,1635.0,1.0,0.0,0.0,0.0,BAMINERCEPT (NCT00458861),1,first_drug,,False,0.0,0.0,1.0360638746671915,False,0.8665430567270749,0.0,0.0,157
MS4A1,ENSG00000156738,0.9160011480558762,0.6030989502275332,0.0008456297112152,0.067983009932596,16.0,26.52964325997189,350,352.99486265945313,128,117.642507333244,1320.0,2.0,0.0,0.0,0.0,OFATUMUMAB (NCT01077518); OFATUMUMAB (NCT01200589); RITUXIMAB (NCT01200589); RITUXIMAB (NCT01232556); RITUXIMAB (NCT02626455),5,first_drug,,False,0.0,0.0,1.088042093810671,False,0.4580005740279381,0.0,0.0,158
MYL2,ENSG00000111245,1.2134374035470443,0.8269705689812006,3.0179974526728193e-06,1.01953323114962,19.0,22.975424655568276,180,215.05662723793105,78,76.16856614446647,1559.0,13.0,0.0,0.0,0.0,MAVACAMTEN (NCT05582395),1,first_drug,,False,0.0,0.0,1.0240444838105514,False,0.6067187017735222,0.0,0.0,159
MYL3,ENSG00000160808,0.8532368077663065,0.5154797495195456,0.0286205241154471,1.267387330049352,11.0,21.339344581921175,206,253.29497231127175,88,91.57048088197692,1082.0,3.0,0.0,0.0,0.0,MAVACAMTEN (NCT05582395),1,first_drug,,False,0.0,0.0,0.9610083855890325,False,0.42661840388315325,0.0,0.0,160
MYL4,ENSG00000198336,1.1236252617218214,0.7397995267056484,6.719402848046035e-05,0.1050210927428429,16.0,21.627480719335583,249,252.9161302369627,82,95.68424928780618,1199.0,1.0,0.0,0.0,0.0,MAVACAMTEN (NCT05582395),1,first_drug,,False,0.0,0.0,0.8569853514067327,False,0.5618126308609107,0.0,0.0,161
NCBP2,ENSG00000114503,0.6715056840500596,0.3721632030145467,0.5620656137323271,2.3694677251333873,8.0,21.49594569049134,127,206.91746548175675,92,75.82805131084172,1205.0,2.0,0.0,0.0,0.0,OBEFAZIMOD (NCT04393038),1,first_drug,,False,0.0,0.0,1.2132713212273472,False,0.3357528420250298,0.0,0.0,162
NFKB1,ENSG00000109320,0.1494858445402531,0.0856640599341107,1.0,4.593796706788653,9.0,105.0615626544251,830,1203.700136571958,440,442.1851203644926,4821.0,15.0,0.0,0.0,0.0,EDASALONEXENT (NCT03917719),1,first_drug,,False,0.0,0.0,0.9950583584479473,False,0.07474292227012655,0.0,0.0,163
NFKB2,ENSG00000077150,0.2766331982519064,0.1921035716095686,0.9999999999993928,4.69916177442768,21.0,109.31603105579111,806,1185.345777690304,478,489.9166802242987,5090.0,15.0,0.0,0.0,0.0,EDASALONEXENT (NCT03917719),1,first_drug,,False,0.0,0.0,0.9756761083969566,False,0.1383165991259532,0.0,0.0,164
NR1H4,ENSG00000012504,0.5568290127170148,0.3930310324078381,0.5814416762898184,1.5969106297174462,23.0,58.51955215621115,487,576.936717114752,214,197.95997732304735,2703.0,7.0,0.0,0.0,0.0,URSODIOL (NCT00059202),1,first_drug,,False,0.0,0.0,1.0810265938290002,False,0.2784145063585074,0.0,0.0,165
OPRK1,ENSG00000082556,0.9416741419950722,0.6115527027216622,0.0010538205661951,0.5362941181271043,15.0,24.527730698014743,479,507.3228917868716,205,198.010900222641,1740.0,10.0,0.0,0.0,0.0,ATICAPRANT (NCT06514742); BUPRENORPHINE (NCT00270257); DIFELIKEFALIN (NCT05387707); DIFELIKEFALIN (NCT05978063); NAVACAPRANT (NCT06029439),5,first_drug,,False,0.0,0.0,1.03529654059196,False,0.4708370709975361,0.0,0.0,166
PDE9A,ENSG00000160191,0.8512221223653207,0.6865651375179196,4.829147829957822e-14,1.7417762740339204,60.0,87.39156231688793,665,778.9854372196091,272,279.4542826335455,5816.0,20.0,0.0,0.0,0.0,TOVINONTRINE (NCT04411082); TOVINONTRINE (NCT04474314),2,first_drug,,False,0.0,0.0,0.9733255738173086,False,0.42561106118266034,0.0,0.0,167
PGF,ENSG00000119630,0.7200181481956173,0.4349962065666765,0.1767409938799683,0.1365887887933546,11.0,25.2875768430728,230,234.90859084832417,105,97.92163772044267,2217.0,2.0,0.0,0.0,0.0,AFLIBERCEPT (NCT02980874); AFLIBERCEPT (NCT04049266); AFLIBERCEPT (NCT04603937); AFLIBERCEPT (NCT04611152),4,first_drug,,False,0.0,0.0,1.072285987493034,False,0.36000907409780863,0.0,0.0,168
PPARD,ENSG00000112033,0.2995910565663266,0.1517890798582283,0.9999917840449516,3.487478709584986,6.0,39.52853529123456,397,596.7573582651756,210,231.27113507335903,1915.0,4.0,0.0,0.0,0.0,ELAFIBRANOR (NCT02704403),1,first_drug,,False,0.0,0.0,0.9080251192324029,False,0.1497955282831633,0.0,0.0,169
PTGIR,ENSG00000160013,1.379639524504932,0.908360377808808,7.277686935989259e-06,0.3031730753371236,16.0,17.61415445992481,532,548.6506389375838,274,255.4085556967816,2409.0,4.0,0.0,0.0,0.0,ESUBERAPROST (NCT03657095); SELEXIPAG (NCT03689244),2,first_drug,,False,0.0,0.0,1.072791000491346,False,0.689819762252466,0.0,0.0,170
PTGS2,ENSG00000073756,0.3431556491028322,0.2195043602049604,0.9999991649555448,3.225229993133244,14.0,63.78005424096182,533,738.5090382733785,271,259.4865384578937,2282.0,6.0,0.0,0.0,0.0,INDOMETHACIN (NCT01774604); LORNOXICAM (NCT02626455); MESALAMINE (NCT01038739); NAPROXEN (NCT00418782),4,first_drug,,False,0.0,0.0,1.0443701689133078,False,0.1715778245514161,0.0,0.0,171
RARA,ENSG00000131759,0.2455884389709645,0.1168018755301378,0.9999995309492162,3.856048898387971,5.0,42.80753179095889,402,628.7032300234582,256,259.4996042653947,3547.0,5.0,0.0,0.0,0.0,TAMIBAROTENE (NCT01337154),1,first_drug,,False,0.0,0.0,0.9865140285076675,False,0.12279421948548225,0.0,0.0,172
RARB,ENSG00000077092,0.4909355010879019,0.3273002161781266,0.9879542119311612,3.3031141279411353,17.0,51.940081795571096,369,550.7593938778797,215,195.40054678538823,2491.0,11.0,0.0,0.0,0.0,TAMIBAROTENE (NCT01337154),1,first_drug,,False,0.0,0.0,1.100303983469085,False,0.24546775054395095,0.0,0.0,173
RELA,ENSG00000173039,0.3858822293992429,0.2468350210762872,0.999971677791792,2.788515884168542,14.0,56.718045676643015,559,736.431921098972,315,289.6907609388587,3132.0,1.0,0.0,0.0,0.0,EDASALONEXENT (NCT03917719),1,first_drug,,False,0.0,0.0,1.0873664005683736,False,0.19294111469962144,0.0,0.0,174
SERPINC1,ENSG00000117601,0.4484177138205567,0.2767644787341592,0.9980904939661652,2.7614943899952142,12.0,43.35816523451468,423,578.7723544277145,210,218.94791135056025,1634.0,4.0,0.0,0.0,0.0,ENOXAPARIN SODIUM (NCT00740545),1,first_drug,,False,0.0,0.0,0.9591322369993581,False,0.22420885691027834,0.0,0.0,175
SLC18A2,ENSG00000165646,0.7452213356933165,0.5573316319348155,9.20199420007727e-06,1.6426823731770064,33.0,59.21070707118884,569,668.592510537169,228,253.4786656572042,3476.0,15.0,0.0,0.0,0.0,DEUTETRABENAZINE (NCT03567291); LISDEXAMFETAMINE DIMESYLATE (NCT01436175),2,first_drug,,False,0.0,0.0,0.8994839838250503,False,0.37261066784665825,0.0,0.0,176
SLC22A12,ENSG00000197891,1.3265550812921505,1.061844963868949,1.2982540274781951e-20,0.9168734337400986,56.0,52.73839581623839,683,741.5422863575479,337,324.6462435030338,3665.0,19.0,0.0,0.0,0.0,ARHALOFENATE (NCT00814372),1,second_drug,ok,False,0.0,0.0,1.0380529784163381,False,0.6632775406460752,0.0,0.0,177
SLC6A3,ENSG00000142319,0.3957801307142773,0.2697283921951814,0.9999861224617904,3.321630888253529,19.0,70.44123106718102,613,838.5292095481246,368,356.6213696213036,3653.0,16.0,0.0,0.0,0.0,BICIFADINE (NCT00597649); LISDEXAMFETAMINE DIMESYLATE (NCT01436175),2,first_drug,,False,0.0,0.0,1.0319067541880045,False,0.19789006535713866,0.0,0.0,178
SMAD7,ENSG00000101665,0.3732181758375816,0.2068457126158981,0.9998537827006732,1.7904988592721842,8.0,38.67617026636462,477,577.9258557851198,327,265.1309703154819,2154.0,6.0,0.0,0.0,0.0,MONGERSEN SODIUM (NCT02641392),1,first_drug,,False,0.0,0.0,1.2333527071956156,False,0.1866090879187908,0.0,0.0,179
SNAP25,ENSG00000132639,0.2698318889349513,0.1044017959640883,0.9999547862274756,4.131200040162375,3.0,28.735137861344136,117,278.71417149569857,61,88.11047823350025,1483.0,5.0,0.0,0.0,0.0,BOTULINUM TOXIN TYPE A (NCT05028569),1,first_drug,,False,0.0,0.0,0.69231266499706,False,0.13491594446747565,0.0,0.0,180
SSTR2,ENSG00000180616,0.7919346417364783,0.4668815033758608,0.0952660543448205,2.0639094583475694,10.0,21.418711017021263,364,468.7770432173811,177,181.28709845792517,800.0,0.0,0.0,0.0,0.0,PASIREOTIDE (NCT01374451),1,second_drug,ok,False,0.0,0.0,0.9763518833144094,False,0.39596732086823916,0.0,0.0,181
TLR9,ENSG00000239732,1.1344607031535046,0.7731471029583229,7.218585780794932e-06,3.612098811605699,19.0,24.574883521259487,1065,1379.575330617235,579,609.802779909339,2705.0,3.0,0.0,0.0,0.0,COBITOLIMOD (NCT04985968); HYDROXYCHLOROQUINE SULFATE (NCT04329923),2,first_drug,,False,0.0,0.0,0.9494873081524512,False,0.5672303515767523,0.0,0.0,182
TNF,ENSG00000232810,0.6031986625713975,0.3211404085366778,0.83611460936656,1.9967782472209783,7.0,21.797319222132465,216,296.6370998282874,123,130.22710699247816,936.0,2.0,0.0,0.0,0.0,GOLIMUMAB (NCT01230827),1,first_drug,,False,0.0,0.0,0.9445038198314919,False,0.30159933128569877,0.0,0.0,183
TNFSF13B,ENSG00000102524,0.4954467255757074,0.2745874602300145,0.9831804738637392,2.0250733745091916,8.0,29.13461522714335,248,334.8933072881587,125,130.76996583247023,1393.0,2.0,0.0,0.0,0.0,TABALUMAB (NCT01202773); TABALUMAB (NCT01215942),2,first_drug,,False,0.0,0.0,0.9558769798880107,False,0.2477233627878537,0.0,0.0,184
TNNC2,ENSG00000101470,1.09163828355608,0.6982818544112404,0.0003637373487136,1.732596872989494,14.0,20.049210661222418,163,223.7702510347894,81,77.34513588735695,1504.0,9.0,0.0,0.0,0.0,RELDESEMTIV (NCT04944784),1,first_drug,,False,0.0,0.0,1.0472539620069437,False,0.54581914177804,0.0,0.0,185
TNNI2,ENSG00000130598,0.826234470399086,0.5285125548082923,0.0096914493644511,1.1779344585298557,14.0,26.489436954015652,205,248.54254690240512,126,97.62829301953111,1568.0,3.0,0.0,0.0,0.0,RELDESEMTIV (NCT04944784),1,first_drug,,False,0.0,0.0,1.2906094750093906,False,0.413117235199543,0.0,0.0,186
TYMS,ENSG00000176890,0.7704199414420684,0.5350060055174025,0.0010732734305607,2.826803403472957,21.0,39.251895835619585,273,406.66081262512137,171,162.19430231097112,2250.0,10.0,0.0,0.0,0.0,PEMETREXED (NCT05226598),1,second_drug,ok,False,0.0,0.0,1.054291042062291,False,0.3852099707210342,0.0,0.0,187
UGCG,ENSG00000148154,0.3425435967528576,0.2019450356068218,0.999992395848905,3.3291438268639637,10.0,49.51842450571334,312,483.67242975059247,182,158.2323048662347,2292.0,10.0,0.0,0.0,0.0,VENGLUSTAT (NCT02906020); VENGLUSTAT (NCT03523728),2,first_drug,,False,0.0,0.0,1.1502076023847208,False,0.1712717983764288,0.0,0.0,188
VEGFA,ENSG00000112715,0.5846185283347473,0.4023247879265474,0.4046458209077189,0.879071826863735,20.0,49.71108069943582,505,553.4922649380051,219,223.41722582086328,2796.0,8.0,0.0,0.0,0.0,AFLIBERCEPT (NCT02980874); AFLIBERCEPT (NCT04049266); AFLIBERCEPT (NCT04603937); AFLIBERCEPT (NCT04611152); BEVACIZUMAB (NCT00946712); BEVACIZUMAB (NCT01012297),6,first_drug,,False,0.0,0.0,0.9802288037342071,False,0.29230926416737363,0.0,0.0,189
MUC5AC,ENSG00000215182,1.0622766088513609,0.9309244543799968,4.474212675253393e-50,-9.737246489753892,158.0,169.7237614251194,4359,3089.8882138259237,1975,1236.9946090566175,30794.0,212.0,87.0,2.0,10.7847,CLIVATUZUMAB TETRAXETAN (NCT01956812),1,first_drug,,False,0.07033175356063172,0.028156358411515453,1.5966116469223868,True,0.5311383044256804,1.0,0.5311,190
DRD4,ENSG00000069696,1.6299264875973367,1.1746694306580123,1.0280908139937256e-10,-4.75889174564733,26.0,22.133886624967868,913,632.396605574334,455,306.7300884356564,4298.0,18.0,8.0,1.0,0.6443,HALOPERIDOL (NCT03628391),1,first_drug,,False,0.02608156259074721,0.012650289279675226,1.4833888723487476,True,0.8149632437986684,0.3708362335692764,0.3022,191
HSP90AA1,ENSG00000080824,0.3640579363422011,0.2455079890800665,0.9999990313048108,2.454949269390544,18.0,73.31736970127571,704,874.1916195235511,477,296.8924034126991,4404.0,17.0,1.0,0.0,0.1203,GANETESPIB (NCT01798485),1,first_drug,,False,0.0033682236005544985,0.0011439139631022961,1.6066426574644959,True,0.18202896817110056,0.04789051075842741,0.0087,192
TSLP,ENSG00000145777,1.5664521476402535,0.9668179885443776,7.048325843013238e-05,-1.003409812692918,12.0,12.411850153995342,222,189.6037917165383,97,69.5208377369234,1175.0,4.0,0.0,0.0,0.0,TEZEPELUMAB (NCT03809663),1,first_drug,,False,0.0,0.0,1.3952651198919899,True,0.7832260738201268,0.0,0.0,193
CALCA,ENSG00000110680,1.3274459943439068,0.5800811646235369,0.0949807134224893,0.138147116047296,4.0,6.895586762579913,174,178.32554598944674,78,69.9960414133157,952.0,5.0,2.0,0.0,0.0338,FREMANEZUMAB (NCT02945046); FREMANEZUMAB (NCT03107052),2,first_drug,,True,0.028573044412473447,0.01121544301969141,1.1143487320864645,False,0.6637229971719534,0.40626094140879265,0.2696,194
SSTR5,ENSG00000162009,14.149135053957847,2.982617863369787,0.1180657243993055,0.4969628102234213,1.0,0.3352759373841446,516,543.1568151432514,256,263.10423879184555,1376.0,8.0,4.0,0.0,0.61,PASIREOTIDE (NCT01374451),1,second_drug,ok,True,0.015203099799409134,0.007364355722840458,0.9729983871621846,False,1.0,0.21616267233125105,0.2162,195
MTNR1B,ENSG00000134640,1.8810563779635867,1.001466434167114,0.0022660547945759,0.1649181837949082,7.0,6.989749991792451,478,486.52933928424665,226,208.20289418925057,1666.0,5.0,3.0,0.0,0.5481,PIROMELATINE (NCT05267535),1,first_drug,,True,0.014409021602135292,0.00616612351562071,1.0854796273608587,False,0.9405281889817934,0.20487220739795062,0.1927,196
MTNR1A,ENSG00000168412,2.3959913824108696,1.2756156456277126,0.0009265121453134,0.4620767261255031,7.0,5.487546365547593,441,464.34681597337374,196,202.72879655082673,1298.0,5.0,2.0,0.0,0.0324,PIROMELATINE (NCT05267535),1,first_drug,,True,0.009865396697595322,0.004307125474323663,0.9668088763643415,False,1.0,0.14026945438080887,0.1403,197
ADORA3,ENSG00000282608,1.354961828890992,0.5242540048078134,0.1662564566355973,0.9946422096436752,3.0,5.722416943862493,343,388.9973189974113,168,152.32820652436394,929.0,5.0,2.0,0.0,0.1371,ADENOSINE (NCT00612521); CAFFEINE CITRATE (NCT03340727),2,first_drug,,True,0.01312954472210708,0.005141423609691535,1.1028817566569948,False,0.677480914445496,0.18668018437487613,0.1265,198
S1PR4,ENSG00000125910,11.75701337733624,2.4783619624375306,0.1222047393236077,-0.6713400535605777,1.0,0.4034923127275868,595,557.8222746616224,296,266.70072876025756,1611.0,3.0,1.0,0.0,0.0118,ETRASIMOD (NCT04173273); FINGOLIMOD HYDROCHLORIDE (NCT00731692),2,first_drug,,True,0.003749521062984868,0.0017926856732399306,1.109858234643521,False,1.0,0.05331192346501747,0.0533,199
CXCR2,ENSG00000180871,1.7235052871274334,0.5475100966270133,0.1892926895545214,1.9912922749412745,2.0,3.6529006721906776,351,450.0508307524567,203,193.333406061708,844.0,3.0,0.0,0.0,0.0,REPARIXIN (NCT05254990),1,first_drug,,True,0.0,0.0,1.049999605009838,False,0.8617526435637167,0.0,0.0,200
IL17A,ENSG00000112115,0.6587259123898616,0.1388585002451426,0.8412823060632278,0.1849217308948201,1.0,7.201575692050443,191,197.0870849463001,90,77.73289336079515,762.0,1.0,0.0,0.0,0.0,SECUKINUMAB (NCT01032915); SECUKINUMAB (NCT04181762),2,first_drug,,True,0.0,0.0,1.157811012929461,False,0.3293629561949308,0.0,0.0,201
P2RY12,ENSG00000169313,1.7352764860835943,0.6714031553366677,0.0917572858775325,1.0941853576155307,3.0,4.468254246579588,356,407.8098180321015,148,154.05409386013886,747.0,2.0,0.0,0.0,0.0,PRASUGREL (NCT01794000),1,first_drug,,True,0.0,0.0,0.9607015061499424,False,0.8676382430417972,0.0,0.0,202
ADRB1,ENSG00000043591,,,,1.1863836833011454,,,635,709.0735461435992,365,347.2505449068685,,,,,,METOPROLOL SUCCINATE (NCT02587351),1,first_drug,,,,,1.051114261312079,False,,,,203
CCR2,ENSG00000121807,,,,0.6514814236886147,,,408,440.04367037260266,183,177.07204313698995,,,,,,CENICRIVIROC (NCT03028740),1,first_drug,,,,,1.0334776555236558,False,,,,204
CCR5,ENSG00000160791,,,,-0.8766462115894839,,,464,421.78542011068646,194,168.10995870753536,,,,,,CENICRIVIROC (NCT03028740),1,first_drug,,,,,1.154006588851206,False,,,,205
CXCR1,ENSG00000163464,,,,0.4373930533948875,,,419,440.5253216322824,180,184.68656353602427,,,,,,REPARIXIN (NCT05254990),1,first_drug,,,,,0.9746242312039656,False,,,,206
GRIN3B,ENSG00000116032,1.4110217162090772,1.1673505486104854,2.1402671275409176e-30,-2.39899338126845,77.0,65.96133448658952,1787,1564.5099736792658,823,749.7281462469969,,,,,,AMANTADINE (NCT04952519); AV-101 (NCT05036135); AV-101 (NCT05557942),3,first_drug,,False,,,1.0977312298061488,False,0.7055108581045386,,,207
S1PR5,ENSG00000180739,,,,-0.2012535151936779,,,583,571.7169544844,307,284.7352602067742,,,,,,ETRASIMOD (NCT04173273); FINGOLIMOD HYDROCHLORIDE (NCT00731692),2,first_drug,,,,,1.0781945298136142,False,,,,208
SSTR3,ENSG00000278195,,,,1.7458518733180717,,,504,604.6595996907394,281,269.2532956387387,1316.0,6.0,2.0,0.0,0.0644,PASIREOTIDE (NCT01374451),1,second_drug,no_lof_constraint,,0.0074279499356005325,0.0033076461549984898,1.0436269659518749,False,,,,209
