symbol,gene_id,status,LOEUF,oe_lof,pLI,mis_z,obs_lof,exp_lof,obs_mis,exp_mis,obs_syn,exp_syn,n_variants,n_common,n_common_func,n_common_lof,cum_maf_func,trials,n_trials
BCL2,ENSG00000171791,ok,0.3329581301585409,0.07018710776156434,0.9946376486444674,1.4355136171327696,1.0,14.24763082412718,247,305.86610825359185,151,137.20160431064144,1083,6,0,0,0.0,VENETOCLAX (NCT05079230),1
BIRC2,ENSG00000110330,ok,0.4384876768200654,0.2957008130466774,0.9995180759473261,0.43378210986950805,18.0,60.87233854564558,701,728.4513845057288,282,247.69728248661133,2295,2,1,0,0.0479,BIRINAPANT (NCT02147873),1
BIRC3,ENSG00000023445,ok,0.6119890107998445,0.4410535004832743,0.041592227033176894,1.1274294803703313,26.0,58.949764533126014,641,711.5136736987453,243,249.22736843875703,2453,11,0,0,0.0,BIRINAPANT (NCT02147873),1
CASR,ENSG00000036828,ok,0.47143709630272884,0.332758179698838,0.9963811589331665,5.004075683823525,23.0,69.11926258526867,924,1356.0737163302024,541,544.7196636385311,2620,8,3,0,0.2814,RONACALERET (NCT00471237),1
CD47,ENSG00000196776,ok,0.40812943399629664,0.24656983441528543,0.9997000633464087,1.750420374793286,11.0,44.61210766550316,306,386.7100090217406,140,136.32425473345785,3406,0,0,0,0.0,MAGROLIMAB (NCT04313881); MAGROLIMAB (NCT05079230),2
CHRM1,ENSG00000168539,ok,0.3323158479567612,0.15804943617206216,0.9998763164597866,4.701320048793311,5.0,31.63567122477234,338,610.3292088084687,227,249.7165481774939,852,5,0,0,0.0,MK-7622 (NCT01852110),1
CSF3R,ENSG00000119535,ok,0.7760841839984522,0.6159799807906741,2.0092027507465458e-10,2.1748760805683562,52.0,84.41832790288512,890,1055.6894834905445,384,429.1462950936643,3488,8,2,0,0.0445,FILGRASTIM (NCT01012297); PEGFILGRASTIM (NCT01012297),2
DHFR,ENSG00000228716,ok,0.7331005468608124,0.44289988761473625,0.1461903078300137,2.2732268742616797,11.0,24.83631246609963,142,221.2894634811182,49,74.42987663715309,1300,3,0,0,0.0,METHOTREXATE (NCT01230827); METHOTREXATE (NCT00005047); PEMETREXED (NCT05226598),3
ERBB2,ENSG00000141736,ok,0.5065434293783412,0.40928890438099985,0.24524237761987883,4.718088493435104,61.0,149.03897796168002,1205,1655.053844142101,633,678.7458333879998,7109,8,3,0,0.6982,SAPITINIB (NCT01151215),1
ERBB3,ENSG00000065361,ok,0.7257632547407283,0.6125218831794615,3.3816835522893137e-18,3.1301358321331394,96.0,156.72909431690158,1406,1709.4473724171369,567,631.9631033631713,6292,14,3,0,0.2007,SAPITINIB (NCT01151215),1
ESR1,ENSG00000091831,ok,0.368724764118244,0.22757780076992884,0.9999821805789268,2.9895287808605135,12.0,52.72922033433073,584,779.7350477528654,305,316.76932788982987,2777,12,0,0,0.0,TOREMIFENE (NCT00097344); TOREMIFENE (NCT00267553),2
GART,ENSG00000159131,ok,0.5172355366119287,0.40110962340547107,0.5208979560169558,1.2212411975341244,43.0,107.20261367684125,1107,1206.4604263381163,434,426.9850630708829,5801,30,2,0,0.4362,PEMETREXED (NCT05226598),1
HTR2C,ENSG00000147246,ok,0.49945883935674523,0.2375426523797842,0.9761498259821881,2.2180581926306737,5.0,21.048851437450395,271,371.20040751105205,150,145.26354086231873,1320,4,1,0,0.1607,QUETIAPINE (NCT00658645); QUETIAPINE (NCT00704509),2
IMPDH1,ENSG00000106348,ok,0.7237034032233157,0.5577683929871876,6.305031130791036e-07,2.670079407299512,41.0,73.507212878127,645,824.80053233189,318,334.3417116632857,4483,11,0,0,0.0,MYCOPHENOLATE MOFETIL (NCT00430677); MYCOPHENOLATE MOFETIL (NCT00318474),2
IMPDH2,ENSG00000178035,ok,0.7632724059046239,0.5708315573089033,4.573606591951081e-06,3.5408586321185926,33.0,57.81039884265223,446,659.1545132250319,270,241.3104788282763,2857,3,0,0,0.0,MYCOPHENOLATE MOFETIL (NCT00430677); MYCOPHENOLATE MOFETIL (NCT00318474),2
JAK3,ENSG00000105639,ok,0.8698544956433842,0.7285705613878288,1.0028722955716938e-21,2.7234530441495757,88.0,120.78445748943224,1254,1501.4377059440947,592,628.6111377217629,7302,31,0,0,0.0,RUXOLITINIB (NCT04551053); RUXOLITINIB (NCT04551066),2
KEAP1,ENSG00000079999,ok,0.6045371715684937,0.43568304493582866,0.05870394322308301,4.802819002848801,26.0,59.676409954923805,539,871.4343450888884,350,358.3095758453438,2644,9,1,1,0.0239,DIMETHYL FUMARATE (NCT02975349),1
MET,ENSG00000105976,ok,0.4586661895283841,0.36059922277178974,0.998970679178575,2.62940466969588,48.0,133.11176777099564,1442,1695.8918979548985,628,616.4645331762084,5148,19,3,1,0.0805,CABOZANTINIB (NCT04338269); TIVANTINIB (NCT01244191),2
NPC1L1,ENSG00000015520,ok,0.9909074834703536,0.8377628644229179,5.859779414327441e-28,1.75365222923659,98.0,116.9782096602074,1540,1710.034989768963,729,727.6486952185633,5804,18,1,0,0.0117,EZETIMIBE (NCT02260648),1
PTH1R,ENSG00000160801,ok,0.6082344705068092,0.4528243823102799,0.009456967137336944,2.521923201587194,32.0,70.66757279442005,626,792.4612726076604,329,324.7759688791333,3758,9,1,0,0.0237,TERIPARATIDE (NCT00471237),1
SLC22A12,ENSG00000197891,ok,1.3265550812921503,1.0618449638689493,1.2982540274781951e-20,0.9168734337400986,56.0,52.73839581623839,683,741.5422863575479,337,324.6462435030338,3665,19,0,0,0.0,ARHALOFENATE (NCT00814372),1
SSTR1,ENSG00000139874,ok,0.8180142879370772,0.48225664140359953,0.0694451160787763,0.8442966567789376,10.0,20.735847143328446,494,540.0029259969064,267,227.7594784991996,1336,2,1,1,0.1861,PASIREOTIDE (NCT01374451),1
SSTR2,ENSG00000180616,ok,0.7919346417364783,0.4668815033758608,0.09526605434482051,2.0639094583475694,10.0,21.418711017021263,364,468.7770432173811,177,181.28709845792517,800,0,0,0,0.0,PASIREOTIDE (NCT01374451),1
SSTR3,ENSG00000278195,no_lof_constraint,,,,1.7458518733180717,,,504,604.6595996907394,281,269.2532956387387,1316,6,2,0,0.0644,PASIREOTIDE (NCT01374451),1
SSTR5,ENSG00000162009,ok,14.149135053957847,2.982617863369787,0.11806572439930559,0.4969628102234213,1.0,0.33527593738414463,516,543.1568151432514,256,263.10423879184555,1376,8,4,0,0.61,PASIREOTIDE (NCT01374451),1
TYK2,ENSG00000105397,ok,0.6105451289998098,0.4966466756662168,2.7840527895783723e-07,2.472646419217613,65.0,130.87775109499535,1378,1610.6799569838056,647,658.9440619796744,7371,23,4,0,0.4635,RUXOLITINIB (NCT04551053); RUXOLITINIB (NCT04551066),2
TYMS,ENSG00000176890,ok,0.7704199414420684,0.5350060055174025,0.0010732734305607028,2.826803403472957,21.0,39.251895835619585,273,406.66081262512137,171,162.19430231097112,2250,10,0,0,0.0,PEMETREXED (NCT05226598),1
