reference_drug,drug_target,molecule_chembl_id,pref_name,max_phase,is_reference,canonical_smiles,inchikey,chembl_similarity_pct,rdkit_tanimoto_ecfp4,murcko_scaffold,shares_reference_scaffold,mw,clogp,target_wt_median_pchembl,target_wt_n,mutant_genotypes_assayed,n_mutant_genotypes
erlotinib,EGFR,CHEMBL5220042,,,False,C#Cc1cccc(Nc2ncnc3cc(OCCOC)c(OCCO[11CH3])cc23)c1,AAKJLRGGTJKAMG-JVVVGQRLSA-N,100.0,1.0,c1ccc(Nc2ncnc3ccccc23)cc1,True,392.44,3.41,,0,,0
erlotinib,EGFR,CHEMBL1079742,ERLOTINIB HYDROCHLORIDE,4.0,False,C#Cc1cccc(Nc2ncnc3cc(OCCOC)c(OCCOC)cc23)c1.Cl,GTTBEUCJPZQMDZ-UHFFFAOYSA-N,100.0,0.9792,c1ccc(Nc2ncnc3ccccc23)cc1,True,429.9,3.83,7.16,3,L858R,1
erlotinib,EGFR,CHEMBL553,ERLOTINIB,4.0,True,C#Cc1cccc(Nc2ncnc3cc(OCCOC)c(OCCOC)cc23)c1,AAKJLRGGTJKAMG-UHFFFAOYSA-N,100.0,1.0,c1ccc(Nc2ncnc3ccccc23)cc1,True,393.44,3.41,7.54,166,"C797S; C797S,L858R; G719C; G719S; L858R; L858R,T790M; L858R,T790M,C797S; L861Q; T790M; T790M,L858M; UNDEFINED MUTATION",11
erlotinib,EGFR,CHEMBL3186743,,,False,C#Cc1cccc(Nc2ncnc3cc(OCCOC)c(OCCO)cc23)c1,KOQIAZNBAWFSQM-UHFFFAOYSA-N,90.38,0.9038,c1ccc(Nc2ncnc3ccccc23)cc1,True,379.42,2.75,,0,,0
erlotinib,EGFR,CHEMBL3741490,,,False,C#Cc1cccc(Nc2ncnc3cc(OCCO)c(OCCOC)cc23)c1,MTLKTHNRZJKPRP-UHFFFAOYSA-N,90.38,0.9038,c1ccc(Nc2ncnc3ccccc23)cc1,True,379.42,2.75,9.0,1,,0
erlotinib,EGFR,CHEMBL63244,,,False,C#Cc1cccc(Nc2ncnc3cc(OCC)c(OCC)cc23)c1,CBKURHQKZANARB-UHFFFAOYSA-N,78.43,0.7843,c1ccc(Nc2ncnc3ccccc23)cc1,True,333.39,4.15,,0,,0
erlotinib,EGFR,CHEMBL2057650,,,False,C#Cc1cccc(Nc2ncnc3cc(OC)c(OCC[18F])cc23)c1,UFHWLNVXVMPORC-LRFGSCOBSA-N,78.18,0.7818,c1ccc(Nc2ncnc3ccccc23)cc1,True,336.36,3.71,,0,,0
erlotinib,EGFR,CHEMBL2068878,,,False,C#Cc1cccc(Nc2ncnc3cc(OC)c(OCCF)cc23)c1,UFHWLNVXVMPORC-UHFFFAOYSA-N,78.18,0.7818,c1ccc(Nc2ncnc3ccccc23)cc1,True,337.35,3.71,,0,,0
erlotinib,EGFR,CHEMBL304929,,,False,C#Cc1cccc(Nc2ncnc3cc(OC)c(OC)cc23)c1,XOTGKYTUNDYTBS-UHFFFAOYSA-N,78.0,0.78,c1ccc(Nc2ncnc3ccccc23)cc1,True,305.34,3.37,7.72,3,"L858R,T790M",1
erlotinib,EGFR,CHEMBL3898444,,,False,C#Cc1cccc(Nc2ncnc3cc(OCCCCCCC(=O)NO)c(OCCOC)cc23)c1,QQEHCRQUEDWLKK-UHFFFAOYSA-N,77.05,0.7705,c1ccc(Nc2ncnc3ccccc23)cc1,True,478.55,4.21,,0,,0
erlotinib,EGFR,CHEMBL3893111,,,False,C#Cc1cccc(Nc2ncnc3cc(OCCOC)c(OCCCCCCC(=O)NO)cc23)c1,ACOYBWHKRHUJTH-UHFFFAOYSA-N,77.05,0.7705,c1ccc(Nc2ncnc3ccccc23)cc1,True,478.55,4.21,,0,,0
erlotinib,EGFR,CHEMBL5799773,,,False,C#Cc1cc(Nc2ncnc3cc(OCCOC)c(OCCOC)cc23)cc(OCCOC)c1,FTEVMNQMCXFFKT-UHFFFAOYSA-N,74.07,0.7407,c1ccc(Nc2ncnc3ccccc23)cc1,True,467.52,3.43,5.18,1,,0
erlotinib,EGFR,CHEMBL1701027,,,False,COCCOc1cc2ncnc(Nc3cccc(C#Cc4ccc(O)cc4)c3)c2cc1OCCOC,WUNGKSIDWKMUKF-UHFFFAOYSA-N,73.68,0.7368,C(#Cc1cccc(Nc2ncnc3ccccc23)c1)c1ccccc1,False,485.54,4.53,,0,,0
erlotinib,EGFR,CHEMBL5633509,,,False,C#Cc1cc(O)cc(Nc2ncnc3cc(OCCOC)c(OCCOC)cc23)c1,JKSQYZRONXUCGD-UHFFFAOYSA-N,72.73,0.7273,c1ccc(Nc2ncnc3ccccc23)cc1,True,409.44,3.11,,0,,0
erlotinib,EGFR,CHEMBL1701582,,,False,COCCOc1cc2ncnc(Nc3cccc(C#Cc4ccc(-c5ccccc5)cc4)c3)c2cc1OCCOC,JWUFJNGFROOFJX-UHFFFAOYSA-N,72.41,0.7241,C(#Cc1cccc(Nc2ncnc3ccccc23)c1)c1ccc(-c2ccccc2)cc1,False,545.64,6.49,,0,,0
erlotinib,EGFR,CHEMBL4851189,,,False,COCCOc1cc2ncnc(Nc3ccccc3)c2cc1OCCOC,FIEPRWDRWNAAFJ-UHFFFAOYSA-N,72.0,0.72,c1ccc(Nc2ncnc3ccccc23)cc1,True,369.42,3.42,,0,,0
erlotinib,EGFR,CHEMBL4867831,,,False,C#Cc1cccc(Nc2ncnc3cc(OCc4ccccc4)c(OC)cc23)c1,TZKBDZHEJIQJLX-UHFFFAOYSA-N,71.93,0.7193,c1ccc(COc2ccc3c(Nc4ccccc4)ncnc3c2)cc1,False,381.44,4.94,,0,,0
erlotinib,EGFR,CHEMBL63917,,,False,COCCOc1cc2ncnc(Nc3cccc(Br)c3)c2cc1OCCOC,LMNRGGOFCABQAE-UHFFFAOYSA-N,71.7,0.717,c1ccc(Nc2ncnc3ccccc23)cc1,True,448.32,4.19,,0,,0
erlotinib,EGFR,CHEMBL5632632,,,False,COCCOc1cc2ncnc(Nc3cccc(O)c3)c2cc1OCCOC,WHLLAICDPBZWRG-UHFFFAOYSA-N,71.7,0.717,c1ccc(Nc2ncnc3ccccc23)cc1,True,385.42,3.13,7.81,1,,0
erlotinib,EGFR,CHEMBL3622617,,,False,C#Cc1cccc(Nc2ncnc3cc(OCCOC)c(NC(=O)C=C)cc23)c1,JVYVRTDXSDBWOT-UHFFFAOYSA-N,71.43,0.7143,c1ccc(Nc2ncnc3ccccc23)cc1,True,388.43,3.5,8.74,1,,0
erlotinib,EGFR,CHEMBL3740567,,,False,C#Cc1cccc(Nc2ncnc3cc(OCCOC)c(OCCOC(=O)c4ccccc4OC(C)=O)cc23)c1,MBGBQIKEXONVEI-UHFFFAOYSA-N,71.21,0.7121,O=C(OCCOc1ccc2ncnc(Nc3ccccc3)c2c1)c1ccccc1,False,541.56,4.54,,0,,0
erlotinib,EGFR,CHEMBL3741424,,,False,C#Cc1cccc(Nc2ncnc3cc(OCCOC(=O)c4ccccc4OC(C)=O)c(OCCOC)cc23)c1,ZYAMJDNOVLMHHQ-UHFFFAOYSA-N,71.21,0.7121,O=C(OCCOc1ccc2c(Nc3ccccc3)ncnc2c1)c1ccccc1,False,541.56,4.54,8.3,1,,0
erlotinib,EGFR,CHEMBL1089203,,,False,C#Cc1cccc(Nc2ccnc3cc(OCCOC)c(OCCOC)cc23)c1,ZQYQKUIFZATHRG-UHFFFAOYSA-N,70.91,0.7091,c1ccc(Nc2ccnc3ccccc23)cc1,False,392.46,4.01,6.47,3,"L858R; L858R,T790M",2
erlotinib,EGFR,CHEMBL3976436,,,False,C#Cc1cccc(Nc2ncnc3cc(OC)c(OCCC(=O)NO)cc23)c1,FGWHGVKXFQZFSP-UHFFFAOYSA-N,70.49,0.7049,c1ccc(Nc2ncnc3ccccc23)cc1,True,378.39,2.64,,0,,0
erlotinib,EGFR,CHEMBL1699464,,,False,CCc1cccc(Nc2ncnc3cc(OCCOC)c(OCCOC)cc23)c1,NUQUOVYZADJDTI-UHFFFAOYSA-N,70.37,0.7037,c1ccc(Nc2ncnc3ccccc23)cc1,True,397.48,3.99,,0,,0
afatinib,EGFR,CHEMBL2347958,,,False,CN(C)C/C=C/C(=O)Nc1cc2c(Nc3ccc(F)c(Cl)c3)ncnc2cc1O[C@@H]1CCOC1,ULXXDDBFHOBEHA-QDLOVBKTSA-N,100.0,1.0,c1ccc(Nc2ncnc3cc(OC4CCOC4)ccc23)cc1,True,485.95,4.39,8.8,4,"L858R; L858R,T790M; T790M",3
afatinib,EGFR,CHEMBL2132902,,,False,CN(C)CC=CC(=O)Nc1cc2c(Nc3ccc(F)c(Cl)c3)ncnc2cc1OC1CCOC1,ULXXDDBFHOBEHA-UHFFFAOYSA-N,100.0,1.0,c1ccc(Nc2ncnc3cc(OC4CCOC4)ccc23)cc1,True,485.95,4.39,,0,,0
afatinib,EGFR,CHEMBL2105712,AFATINIB DIMALEATE,4.0,False,CN(C)C/C=C/C(=O)Nc1cc2c(Nc3ccc(F)c(Cl)c3)ncnc2cc1O[C@H]1CCOC1.O=C(O)/C=C\C(=O)O.O=C(O)/C=C\C(=O)O,USNRYVNRPYXCSP-JUGPPOIOSA-N,100.0,0.9487,c1ccc(Nc2ncnc3cc(OC4CCOC4)ccc23)cc1,True,718.09,3.81,9.3,3,L858R; UNDEFINED MUTATION,2
afatinib,EGFR,CHEMBL1173655,AFATINIB,4.0,True,CN(C)C/C=C/C(=O)Nc1cc2c(Nc3ccc(F)c(Cl)c3)ncnc2cc1O[C@H]1CCOC1,ULXXDDBFHOBEHA-CWDCEQMOSA-N,100.0,1.0,c1ccc(Nc2ncnc3cc(OC4CCOC4)ccc23)cc1,True,485.95,4.39,9.02,65,"G719C; G719S; L858R; L858R,T790M; L858R,T790M,C797S; L861Q; T790M; T790M,L858M; UNDEFINED MUTATION",9
afatinib,EGFR,CHEMBL4102656,,,False,CN(C)C/C=C/C(=O)Nc1cc2c(Nc3ccc(F)c(Cl)c3)ncnc2cc1OC1CCOC1,ULXXDDBFHOBEHA-ONEGZZNKSA-N,100.0,1.0,c1ccc(Nc2ncnc3cc(OC4CCOC4)ccc23)cc1,True,485.95,4.39,,0,,0
afatinib,EGFR,CHEMBL4283673,,,False,CN(C)C/C=C/C(=O)Nc1cc2ncnc(Nc3ccc(F)c(Cl)c3)c2cc1O[C@H]1CCOC1,WRUDTZAASVCWAT-CWDCEQMOSA-N,94.74,0.9474,c1ccc(Nc2ncnc3ccc(OC4CCOC4)cc23)cc1,False,485.95,4.39,,0,,0
afatinib,EGFR,CHEMBL4759112,,,False,CN(C)C/C=C/C(=O)Nc1cc2ncnc(Nc3ccc(F)c(Cl)c3)c2cc1O[C@@H]1CCOC1,WRUDTZAASVCWAT-QDLOVBKTSA-N,94.74,0.9474,c1ccc(Nc2ncnc3ccc(OC4CCOC4)cc23)cc1,False,485.95,4.39,9.49,1,"L858R; L858R,T790M",2
afatinib,EGFR,CHEMBL3622661,,,False,O=C(/C=C/CN(C1CC1)C1CC1)Nc1cc2c(Nc3ccc(F)c(Cl)c3)ncnc2cc1O[C@H]1CCOC1,FJNJCQOYEGCBBS-ZGTHZTNPSA-N,86.25,0.8625,O=C(C=CCN(C1CC1)C1CC1)Nc1cc2c(Nc3ccccc3)ncnc2cc1OC1CCOC1,False,538.02,5.46,,0,,0
afatinib,EGFR,CHEMBL3752204,,,False,CN(C)/C=C/C(=O)Nc1cc2c(Nc3ccc(F)c(Cl)c3)ncnc2cc1O[C@H]1CCOC1,VIVMNDCFIZHJAT-ZKKXHLJNSA-N,84.62,0.8462,c1ccc(Nc2ncnc3cc(OC4CCOC4)ccc23)cc1,True,471.92,4.35,9.11,2,"L858R,T790M",1
afatinib,EGFR,CHEMBL3622646,,,False,CN(C)C/C=C/C(=O)Nc1cc2c(Nc3ccc(Cl)c(C(F)(F)F)c3)ncnc2cc1O[C@H]1CCOC1,DSJCPDXJBJZMEJ-CWDCEQMOSA-N,81.93,0.8193,c1ccc(Nc2ncnc3cc(OC4CCOC4)ccc23)cc1,True,535.95,5.27,,0,,0
afatinib,EGFR,CHEMBL3622647,,,False,CN(C)C/C=C/C(=O)Nc1cc2c(Nc3ccc(F)c(C#N)c3)ncnc2cc1O[C@H]1CCOC1,XUOCQQYXPHQNIP-WHLIDYPQSA-N,81.93,0.8193,c1ccc(Nc2ncnc3cc(OC4CCOC4)ccc23)cc1,True,476.51,3.61,6.83,1,,0
afatinib,EGFR,CHEMBL3622670,,,False,CC(C)NC/C=C/C(=O)Nc1cc2c(Nc3ccc(F)c(Cl)c3)ncnc2cc1O[C@H]1CCOC1,PNPLCESPECXCFO-IDOMTICXSA-N,81.71,0.8171,c1ccc(Nc2ncnc3cc(OC4CCOC4)ccc23)cc1,True,499.97,4.83,8.15,1,,0
afatinib,EGFR,CHEMBL3357641,,,False,CN(C)C/C=C(\F)C(=O)Nc1cc2c(Nc3ccc(F)c(Cl)c3)ncnc2cc1O[C@H]1CCOC1,HZBHTRUJNPPRNW-KAZCASEASA-N,80.49,0.8049,c1ccc(Nc2ncnc3cc(OC4CCOC4)ccc23)cc1,True,503.94,4.69,9.8,1,T790M,1
afatinib,EGFR,CHEMBL3357642,,,False,CN(C)C/C=C(/F)C(=O)Nc1cc2c(Nc3ccc(F)c(Cl)c3)ncnc2cc1O[C@H]1CCOC1,HZBHTRUJNPPRNW-PVYRDDNUSA-N,80.49,0.8049,c1ccc(Nc2ncnc3cc(OC4CCOC4)ccc23)cc1,True,503.94,4.69,9.51,1,T790M,1
afatinib,EGFR,CHEMBL3622666,,,False,O=C(/C=C/CNC1CC1)Nc1cc2c(Nc3ccc(F)c(Cl)c3)ncnc2cc1O[C@H]1CCOC1,RVSQKIFMHKORJJ-IMLGJKEDSA-N,80.49,0.8049,O=C(C=CCNC1CC1)Nc1cc2c(Nc3ccccc3)ncnc2cc1OC1CCOC1,False,497.96,4.58,8.19,1,,0
afatinib,EGFR,CHEMBL3622641,,,False,CN(C)C/C=C/C(=O)Nc1cc2c(Nc3ccc(OCc4cccc(F)c4)c(Cl)c3)ncnc2cc1O[C@H]1CCOC1,CMJJSVIOGHESIX-ILHLOOHCSA-N,79.55,0.7955,c1ccc(COc2ccc(Nc3ncnc4cc(OC5CCOC5)ccc34)cc2)cc1,False,592.07,5.97,6.29,1,,0
afatinib,EGFR,CHEMBL3763457,,,False,O=C(/C=C/c1ccc(F)cc1Cl)Nc1cc2c(Nc3ccc(F)c(Cl)c3)ncnc2cc1O[C@H]1CCOC1,PJOCQIQLLVPKHB-VBAWXRRRSA-N,79.27,0.7927,O=C(C=Cc1ccccc1)Nc1cc2c(Nc3ccccc3)ncnc2cc1OC1CCOC1,False,557.38,6.78,,0,,0
afatinib,EGFR,CHEMBL3622650,,,False,O=C(/C=C/CN1CCCCC1)Nc1cc2c(Nc3ccc(F)c(Cl)c3)ncnc2cc1O[C@H]1CCOC1,CROUCCLWECZKHT-PXPVJAHISA-N,77.65,0.7765,O=C(C=CCN1CCCCC1)Nc1cc2c(Nc3ccccc3)ncnc2cc1OC1CCOC1,False,526.01,5.31,8.28,1,,0
afatinib,EGFR,CHEMBL3622643,,,False,CN(C)C/C=C/C(=O)Nc1cc2c(Nc3ccc(OCc4ccccn4)c(Cl)c3)ncnc2cc1O[C@H]1CCOC1,YXTYFTYDCQXMNE-HVPBSWBLSA-N,77.27,0.7727,c1ccc(COc2ccc(Nc3ncnc4cc(OC5CCOC5)ccc34)cc2)nc1,False,575.07,5.22,8.09,1,,0
afatinib,EGFR,CHEMBL3622629,,,False,C=CC(=O)Nc1cc2c(Nc3ccc(F)c(Cl)c3)ncnc2cc1O[C@H]1CCOC1,MLHDLQIHGCIPJQ-ZDUSSCGKSA-N,77.22,0.7722,c1ccc(Nc2ncnc3cc(OC4CCOC4)ccc23)cc1,True,428.85,4.46,8.24,1,,0
afatinib,EGFR,CHEMBL3622656,,,False,O=C(/C=C/CN1CC(F)(F)C1)Nc1cc2c(Nc3ccc(F)c(Cl)c3)ncnc2cc1O[C@H]1CCOC1,PPEZEEAPLYITCF-PYKQWIPUSA-N,76.74,0.7674,O=C(C=CCN1CCC1)Nc1cc2c(Nc3ccccc3)ncnc2cc1OC1CCOC1,False,533.94,4.78,,0,,0
afatinib,EGFR,CHEMBL3892310,,,False,CN(C)C/C=C/C(=O)Nc1cc2c(Nc3ccc(F)c(Cl)c3)ncnc2cc1OCC1C2COCC21,YFQGFLOTVWXVMG-ONEGZZNKSA-N,75.9,0.759,c1ccc(Nc2ncnc3cc(OCC4C5COCC54)ccc23)cc1,False,511.99,4.49,9.89,1,,0
afatinib,EGFR,CHEMBL3092315,,,False,CN(C)CCN(C)C(=O)Nc1cc2c(Nc3ccc(F)c(Cl)c3)ncnc2cc1O[C@H]1CCOC1,YYHFEFKIJAZQPJ-INIZCTEOSA-N,75.9,0.759,c1ccc(Nc2ncnc3cc(OC4CCOC4)ccc23)cc1,True,502.98,4.36,6.55,1,"T790M,L858M",1
afatinib,EGFR,CHEMBL6020835,,,False,O=C(/C=C/CN1CCC1CO)Nc1cc2c(Nc3ccc(F)c(Cl)c3)ncnc2cc1O[C@H]1CCOC1,NYHCGCDSBXKURV-SBPBPJATSA-N,75.86,0.7586,O=C(C=CCN1CCC1)Nc1cc2c(Nc3ccccc3)ncnc2cc1OC1CCOC1,False,527.98,3.89,8.41,1,,0
afatinib,EGFR,CHEMBL3622652,,,False,O=C1CCN(C/C=C/C(=O)Nc2cc3c(Nc4ccc(F)c(Cl)c4)ncnc3cc2O[C@H]2CCOC2)CC1,JGIWEGURDZFEGD-SNDJDQCESA-N,75.86,0.7586,O=C1CCN(CC=CC(=O)Nc2cc3c(Nc4ccccc4)ncnc3cc2OC2CCOC2)CC1,False,540.0,4.49,6.28,1,,0
afatinib,EGFR,CHEMBL5982094,,,False,O=C(/C=C/CN1C[C@@H]2OCCO[C@@H]2C1)Nc1cc2c(Nc3ccc(F)c(Cl)c3)ncnc2cc1O[C@H]1CCOC1,QMXMLFJONMTABH-RSOJFYCWSA-N,75.86,0.7586,O=C(C=CCN1CC2OCCOC2C1)Nc1cc2c(Nc3ccccc3)ncnc2cc1OC1CCOC1,False,570.02,3.93,8.3,2,,0
afatinib,EGFR,CHEMBL3765096,,,False,O=C(/C=C/c1cccc(Cl)c1Cl)Nc1cc2c(Nc3ccc(F)c(Cl)c3)ncnc2cc1O[C@H]1CCOC1,MDEOREBTBMPHPM-PFWMLDTASA-N,75.29,0.7529,O=C(C=Cc1ccccc1)Nc1cc2c(Nc3ccccc3)ncnc2cc1OC1CCOC1,False,573.84,7.29,,0,,0
afatinib,EGFR,CHEMBL5753139,,,False,COCC1CCN1C/C=C/C(=O)Nc1cc2c(Nc3ccc(F)c(Cl)c3)ncnc2cc1O[C@H]1CCOC1,OVKAWEPHUVGRCJ-SQMXEVSSSA-N,75.28,0.7528,O=C(C=CCN1CCC1)Nc1cc2c(Nc3ccccc3)ncnc2cc1OC1CCOC1,False,542.01,4.55,8.54,1,,0
afatinib,EGFR,CHEMBL3764849,,,False,O=C(/C=C/c1ccc(Br)cc1)Nc1cc2c(Nc3ccc(F)c(Cl)c3)ncnc2cc1O[C@H]1CCOC1,XOCFFXYOYCPONU-FOZGUINQSA-N,75.0,0.75,O=C(C=Cc1ccccc1)Nc1cc2c(Nc3ccccc3)ncnc2cc1OC1CCOC1,False,583.85,6.75,,0,,0
afatinib,EGFR,CHEMBL3092306,,,False,CN(C)CCNC(=O)Nc1cc2c(Nc3ccc(F)c(Cl)c3)ncnc2cc1O[C@H]1CCOC1,UOGHOWRNOZLTER-HNNXBMFYSA-N,75.0,0.75,c1ccc(Nc2ncnc3cc(OC4CCOC4)ccc23)cc1,True,488.95,4.02,6.2,1,"T790M,L858M",1
afatinib,EGFR,CHEMBL3763587,,,False,COc1ccc(/C=C/C(=O)Nc2cc3c(Nc4ccc(F)c(Cl)c4)ncnc3cc2O[C@H]2CCOC2)c(OC)c1,IIGKQUPRZOOGPO-BFSLETRISA-N,74.71,0.7471,O=C(C=Cc1ccccc1)Nc1cc2c(Nc3ccccc3)ncnc2cc1OC1CCOC1,False,565.0,6.0,,0,,0
afatinib,EGFR,CHEMBL3763790,,,False,COc1ccc(/C=C/C(=O)Nc2cc3c(Nc4ccc(F)c(Cl)c4)ncnc3cc2O[C@H]2CCOC2)c(OC)c1OC,OELHXJQUNXVIPN-SQUITACLSA-N,74.71,0.7471,O=C(C=Cc1ccccc1)Nc1cc2c(Nc3ccccc3)ncnc2cc1OC1CCOC1,False,595.03,6.01,8.44,1,,0
afatinib,EGFR,CHEMBL4439680,,,False,COc1ccc(/C=C/C(=O)Nc2cc3c(Nc4ccc(F)c(Cl)c4)ncnc3cc2O[C@@H]2CCOC2)cc1,PKVCAQKGXZUIDA-CWFIWJMMSA-N,74.42,0.7442,O=C(C=Cc1ccccc1)Nc1cc2c(Nc3ccccc3)ncnc2cc1OC1CCOC1,False,534.98,5.99,8.05,1,,0
afatinib,EGFR,CHEMBL4112924,,,False,CO[C@@H]1COC2C1OC[C@H]2Oc1cc2ncnc(Nc3ccc(F)c(Cl)c3)c2cc1NC(=O)/C=C/CN(C)C,JEMSOXTWRRHLSY-IEYCOXKTSA-N,74.42,0.7442,c1ccc(Nc2ncnc3cc(OC4COC5CCOC54)ccc23)cc1,False,558.01,3.78,9.4,1,,0
afatinib,EGFR,CHEMBL3764601,,,False,COc1cc(/C=C/C(=O)Nc2cc3c(Nc4ccc(F)c(Cl)c4)ncnc3cc2O[C@H]2CCOC2)cc(OC)c1,CZOIAGYBRVFGKK-NAASZUNDSA-N,74.42,0.7442,O=C(C=Cc1ccccc1)Nc1cc2c(Nc3ccccc3)ncnc2cc1OC1CCOC1,False,565.0,6.0,,0,,0
afatinib,EGFR,CHEMBL3763360,,,False,COc1ccc(/C=C/C(=O)Nc2cc3c(Nc4ccc(F)c(Cl)c4)ncnc3cc2O[C@H]2CCOC2)cc1,PKVCAQKGXZUIDA-ZTJJKMQJSA-N,74.42,0.7442,O=C(C=Cc1ccccc1)Nc1cc2c(Nc3ccccc3)ncnc2cc1OC1CCOC1,False,534.98,5.99,8.04,1,,0
afatinib,EGFR,CHEMBL3622658,,,False,O=C(/C=C/CN1CC[S+]([O-])CC1)Nc1cc2c(Nc3ccc(F)c(Cl)c3)ncnc2cc1O[C@H]1CCOC1,ALYYJSYVJNWOTD-KROLTMCQSA-N,74.16,0.7416,O=C(C=CCN1CC[SH+]CC1)Nc1cc2c(Nc3ccccc3)ncnc2cc1OC1CCOC1,False,560.05,3.89,6.96,1,,0
afatinib,EGFR,CHEMBL3092317,,,False,CN(C)CCCN(C)C(=O)Nc1cc2c(Nc3ccc(F)c(Cl)c3)ncnc2cc1O[C@H]1CCOC1,CUIOOITULADHNM-KRWDZBQOSA-N,74.12,0.7412,c1ccc(Nc2ncnc3cc(OC4CCOC4)ccc23)cc1,True,517.01,4.75,6.33,1,"T790M,L858M",1
afatinib,EGFR,CHEMBL3765420,,,False,COc1ccc(OC)c(/C=C/C(=O)Nc2cc3c(Nc4ccc(F)c(Cl)c4)ncnc3cc2O[C@H]2CCOC2)c1,BOQBPOPVCLBONO-KRNDSPITSA-N,73.86,0.7386,O=C(C=Cc1ccccc1)Nc1cc2c(Nc3ccccc3)ncnc2cc1OC1CCOC1,False,565.0,6.0,,0,,0
afatinib,EGFR,CHEMBL5314470,MIFANERTINIB,2.0,False,CN(C)C/C=C/C(=O)Nc1cc2c(Nc3ccc(F)c(Cl)c3)ncnc2cc1OC(F)F,QPACRWFSFWQNOZ-ONEGZZNKSA-N,73.75,0.7375,c1ccc(Nc2ncnc3ccccc23)cc1,False,465.86,4.82,,0,,0
afatinib,EGFR,CHEMBL4466350,,,False,COc1cc(/C=C/C(=O)Nc2cc3c(Nc4ccc(F)c(Cl)c4)ncnc3cc2O[C@@H]2CCOC2)cc(OC)c1OC,JOJVJYUHAXMDPF-ZLHKHBAESA-N,73.56,0.7356,O=C(C=Cc1ccccc1)Nc1cc2c(Nc3ccccc3)ncnc2cc1OC1CCOC1,False,595.03,6.01,8.05,1,,0
afatinib,EGFR,CHEMBL3764117,,,False,COc1cc(/C=C/C(=O)Nc2cc3c(Nc4ccc(F)c(Cl)c4)ncnc3cc2O[C@H]2CCOC2)cc(OC)c1OC,JOJVJYUHAXMDPF-QTWIXLPOSA-N,73.56,0.7356,O=C(C=Cc1ccccc1)Nc1cc2c(Nc3ccccc3)ncnc2cc1OC1CCOC1,False,595.03,6.01,,0,,0
afatinib,EGFR,CHEMBL3764834,,,False,COc1cc(/C=C/C(=O)Nc2cc3c(Nc4ccc(F)c(Cl)c4)ncnc3cc2O[C@H]2CCOC2)cc(OC)c1O,MWDBAGKXSRPTJF-PXPSOEEZSA-N,73.56,0.7356,O=C(C=Cc1ccccc1)Nc1cc2c(Nc3ccccc3)ncnc2cc1OC1CCOC1,False,581.0,5.71,,0,,0
afatinib,EGFR,CHEMBL5307029,,,False,CN(C)C/C=C/C(=O)Nc1cc2c(Nc3ccc(F)c(Cl)c3)ncnc2cc1OC[C@@H]1CCCO1,UIJGHCUIUFFXJL-ZVVFDCPKSA-N,73.26,0.7326,c1ccc(Nc2ncnc3cc(OCC4CCCO4)ccc23)cc1,False,499.97,4.78,,0,,0
afatinib,EGFR,CHEMBL3622645,,,False,C#Cc1cccc(Nc2ncnc3cc(O[C@H]4CCOC4)c(NC(=O)/C=C/CN(C)C)cc23)c1,XOLQJGVNGIZVGW-ZGBFETHSSA-N,73.26,0.7326,c1ccc(Nc2ncnc3cc(OC4CCOC4)ccc23)cc1,True,457.53,3.58,7.24,3,,0
afatinib,EGFR,CHEMBL3092313,,,False,CN(C)CCCNC(=O)Nc1cc2c(Nc3ccc(F)c(Cl)c3)ncnc2cc1O[C@H]1CCOC1,AMQVRRBXYZICIR-INIZCTEOSA-N,73.26,0.7326,c1ccc(Nc2ncnc3cc(OC4CCOC4)ccc23)cc1,True,502.98,4.41,7.62,1,"T790M,L858M",1
afatinib,EGFR,CHEMBL3092305,,,False,COC(=O)/C=C/CNC(=O)Nc1cc2c(Nc3ccc(F)c(Cl)c3)ncnc2cc1O[C@H]1CCOC1,XZQRWZRFISEWFN-FAAWYNLUSA-N,72.41,0.7241,c1ccc(Nc2ncnc3cc(OC4CCOC4)ccc23)cc1,True,515.93,4.18,6.39,1,"T790M,L858M",1
afatinib,EGFR,CHEMBL3765538,,,False,O=C(/C=C/c1cc(Br)c(O)c(Br)c1)Nc1cc2c(Nc3ccc(F)c(Cl)c3)ncnc2cc1O[C@H]1CCOC1,HDWFVDIWQHDUJC-SIEGMDDESA-N,72.41,0.7241,O=C(C=Cc1ccccc1)Nc1cc2c(Nc3ccccc3)ncnc2cc1OC1CCOC1,False,678.74,7.22,,0,,0
afatinib,EGFR,CHEMBL3622642,,,False,CN(C)C/C=C/C(=O)Nc1cc2c(Nc3ccc(OCc4cccc(F)c4)cc3)ncnc2cc1O[C@H]1CCOC1,AYNJDFMFFIERLA-OGPASDKVSA-N,72.22,0.7222,c1ccc(COc2ccc(Nc3ncnc4cc(OC5CCOC5)ccc34)cc2)cc1,False,557.63,5.32,6.87,1,,0
afatinib,EGFR,CHEMBL3763988,,,False,O=C(/C=C/c1ccccc1[N+](=O)[O-])Nc1cc2c(Nc3ccc(F)c(Cl)c3)ncnc2cc1O[C@H]1CCOC1,CJFCYYROVYXVES-MOTZXUDYSA-N,71.91,0.7191,O=C(C=Cc1ccccc1)Nc1cc2c(Nc3ccccc3)ncnc2cc1OC1CCOC1,False,549.95,5.89,,0,,0
afatinib,EGFR,CHEMBL3895468,,,False,CN(C)C/C=C/C(=O)Nc1cc2c(Nc3ccc(F)c(Cl)c3)ncnc2cc1OCC12COCC1C2,VPBAXWOWGZTFTQ-ONEGZZNKSA-N,71.59,0.7159,c1ccc(Nc2ncnc3cc(OCC45COCC4C5)ccc23)cc1,False,511.99,4.64,9.43,1,,0
afatinib,EGFR,CHEMBL3901296,,,False,CN(C)C/C=C/C(=O)Nc1cc2c(Nc3ccc(F)c(Cl)c3)ncnc2cc1OC[C@@]12COC[C@@H]1C2,VPBAXWOWGZTFTQ-LNFVKZLXSA-N,71.59,0.7159,c1ccc(Nc2ncnc3cc(OCC45COCC4C5)ccc23)cc1,False,511.99,4.64,9.29,1,,0
afatinib,EGFR,CHEMBL3765810,,,False,N#Cc1ccc(/C=C/C(=O)Nc2cc3c(Nc4ccc(F)c(Cl)c4)ncnc3cc2O[C@H]2CCOC2)cc1,OBRFSLZSJQUDDL-FKIZTMCRSA-N,71.59,0.7159,O=C(C=Cc1ccccc1)Nc1cc2c(Nc3ccccc3)ncnc2cc1OC1CCOC1,False,529.96,5.86,,0,,0
afatinib,EGFR,CHEMBL3092316,,,False,CCN(CC)CCN(C)C(=O)Nc1cc2c(Nc3ccc(F)c(Cl)c3)ncnc2cc1O[C@H]1CCOC1,JEBVEZSMXJHGOF-SFHVURJKSA-N,71.26,0.7126,c1ccc(Nc2ncnc3cc(OC4CCOC4)ccc23)cc1,True,531.03,5.14,6.3,1,"T790M,L858M",1
afatinib,EGFR,CHEMBL3092297,,,False,O=C(Nc1cc2c(Nc3ccc(F)c(Cl)c3)ncnc2cc1O[C@H]1CCOC1)N1CCC(F)CC1,ISQFLEUXHWNACR-INIZCTEOSA-N,71.08,0.7108,O=C(Nc1cc2c(Nc3ccccc3)ncnc2cc1OC1CCOC1)N1CCCCC1,False,503.94,5.3,6.16,1,"T790M,L858M",1
afatinib,EGFR,CHEMBL3764817,,,False,O=C(/C=C/c1ccc([N+](=O)[O-])cc1)Nc1cc2c(Nc3ccc(F)c(Cl)c3)ncnc2cc1O[C@H]1CCOC1,HYAOZFVPIKDIIN-FOZGUINQSA-N,70.79,0.7079,O=C(C=Cc1ccccc1)Nc1cc2c(Nc3ccccc3)ncnc2cc1OC1CCOC1,False,549.95,5.89,,0,,0
afatinib,EGFR,CHEMBL3622639,,,False,COCCOc1cc2ncnc(Nc3ccc(F)c(Cl)c3)c2cc1NC(=O)/C=C/CN(C)C,ATTGQOMUGKVOSB-SNAWJCMRSA-N,70.73,0.7073,c1ccc(Nc2ncnc3ccccc23)cc1,False,473.94,4.25,8.92,1,,0
afatinib,EGFR,CHEMBL3092304,,,False,C#CCNC(=O)Nc1cc2c(Nc3ccc(F)c(Cl)c3)ncnc2cc1O[C@H]1CCOC1,IJIPMONKZNYTTI-AWEZNQCLSA-N,70.59,0.7059,c1ccc(Nc2ncnc3cc(OC4CCOC4)ccc23)cc1,True,455.88,4.09,6.63,1,"T790M,L858M",1
afatinib,EGFR,CHEMBL3092322,,,False,O=C(NCCO)Nc1cc2c(Nc3ccc(F)c(Cl)c3)ncnc2cc1O[C@H]1CCOC1,OUKKRCKTDNRYKU-ZDUSSCGKSA-N,70.24,0.7024,c1ccc(Nc2ncnc3cc(OC4CCOC4)ccc23)cc1,True,461.88,3.45,7.57,1,"T790M,L858M",1
afatinib,EGFR,CHEMBL3622644,,,False,CN(C)C/C=C/C(=O)Nc1cc2c(Nc3ccc(OCc4ccccn4)cc3)ncnc2cc1O[C@H]1CCOC1,HOXZIBBLGAMPOL-COIATFDQSA-N,70.0,0.7,c1ccc(COc2ccc(Nc3ncnc4cc(OC5CCOC5)ccc34)cc2)nc1,False,540.62,4.57,8.05,1,,0
dacomitinib,EGFR,CHEMBL3680378,,,False,COc1cc2ncnc(Nc3ccc(F)c(Cl)c3)c2cc1NC(=O)/C=C/CN1CCCCCC1,HNVQCOJZTIBBPB-VOTSOKGWSA-N,98.53,0.9853,O=C(C=CCN1CCCCCC1)Nc1ccc2ncnc(Nc3ccccc3)c2c1,False,483.98,5.55,7.92,2,,0
dacomitinib,EGFR,CHEMBL2139591,,,False,COc1cc2ncnc(Nc3ccc(F)c(Cl)c3)c2cc1NC(=O)C=CCN1CCCCC1,LVXJQMNHJWSHET-UHFFFAOYSA-N,98.53,0.9853,O=C(C=CCN1CCCCC1)Nc1ccc2ncnc(Nc3ccccc3)c2c1,True,469.95,5.16,,0,,0
dacomitinib,EGFR,CHEMBL2110732,DACOMITINIB ANHYDROUS,4.0,False,COc1cc2ncnc(Nc3ccc(F)c(Cl)c3)c2cc1NC(=O)/C=C/CN1CCCCC1,LVXJQMNHJWSHET-AATRIKPKSA-N,98.53,0.9853,O=C(C=CCN1CCCCC1)Nc1ccc2ncnc(Nc3ccccc3)c2c1,True,469.95,5.16,8.22,20,"L858R,T790M; UNDEFINED MUTATION",2
dacomitinib,EGFR,CHEMBL2105719,DACOMITINIB,4.0,True,COc1cc2ncnc(Nc3ccc(F)c(Cl)c3)c2cc1NC(=O)/C=C/CN1CCCCC1.O,BSPLGGCPNTZPIH-IPZCTEOASA-N,98.53,1.0,O=C(C=CCN1CCCCC1)Nc1ccc2ncnc(Nc3ccccc3)c2c1,True,487.96,4.33,8.22,1,,0
dacomitinib,EGFR,CHEMBL3680377,,,False,COc1cc2ncnc(Nc3ccc(F)c(Cl)c3)c2cc1NC(=O)/C=C/CN1CCC(F)CC1,YMQSEEOAYCTNQU-NSCUHMNNSA-N,86.3,0.863,O=C(C=CCN1CCCCC1)Nc1ccc2ncnc(Nc3ccccc3)c2c1,True,487.94,5.1,7.74,2,,0
dacomitinib,EGFR,CHEMBL3622651,,,False,COCCOc1cc2ncnc(Nc3ccc(F)c(Cl)c3)c2cc1NC(=O)/C=C/CN1CCCCC1,PBUHNKLFJPQTHB-AATRIKPKSA-N,85.33,0.8533,O=C(C=CCN1CCCCC1)Nc1ccc2ncnc(Nc3ccccc3)c2c1,True,514.0,5.17,8.68,1,,0
dacomitinib,EGFR,CHEMBL3680376,,,False,COc1cc2ncnc(Nc3ccc(F)c(Cl)c3)c2cc1NC(=O)/C=C/CN1CCCC(F)C1,XFXOYVZSTQCSQN-HWKANZROSA-N,83.12,0.8312,O=C(C=CCN1CCCCC1)Nc1ccc2ncnc(Nc3ccccc3)c2c1,True,487.94,5.1,7.34,2,,0
dacomitinib,EGFR,CHEMBL3622657,,,False,COc1cc2ncnc(Nc3ccc(F)c(Cl)c3)c2cc1NC(=O)/C=C/CN1CC[S+]([O-])CC1,ZDUWHRWYHHJYGY-NSCUHMNNSA-N,82.89,0.8289,O=C(C=CCN1CC[SH+]CC1)Nc1ccc2ncnc(Nc3ccccc3)c2c1,False,503.99,3.73,,0,,0
dacomitinib,EGFR,CHEMBL3680373,,,False,O=C(/C=C/CN1CCCCC1)Nc1cc2c(Nc3ccc(F)c(Cl)c3)ncnc2cc1OCCF,GFMMDHSSOIPFTF-SNAWJCMRSA-N,82.67,0.8267,O=C(C=CCN1CCCCC1)Nc1ccc2ncnc(Nc3ccccc3)c2c1,True,501.97,5.49,8.19,2,,0
dacomitinib,EGFR,CHEMBL3680374,,,False,O=C(/C=C/CN1CCCCC1)Nc1cc2c(Nc3ccc(F)c(Cl)c3)ncnc2cc1OCC(F)F,ICDUDMAKDBBZOT-SNAWJCMRSA-N,81.58,0.8158,O=C(C=CCN1CCCCC1)Nc1ccc2ncnc(Nc3ccccc3)c2c1,True,519.96,5.79,8.01,2,,0
dacomitinib,EGFR,CHEMBL5199894,,,False,COc1cc2ncnc(Nc3ccc(F)c(Cl)c3)c2cc1NC(=O)/C=C/N1CCCCC1,UTFCQSNTRJJDCY-JXMROGBWSA-N,80.56,0.8056,O=C(C=CN1CCCCC1)Nc1ccc2ncnc(Nc3ccccc3)c2c1,False,455.92,5.11,,0,,0
dacomitinib,EGFR,CHEMBL5871673,,,False,COc1cc2ncnc(Nc3ccc(F)c(Cl)c3)c2cc1NC(=O)/C=C/CN1C[C@@H]2OCCO[C@@H]2C1,REGOTSLWVKSZRG-GYQWKJCYSA-N,78.21,0.7821,O=C(C=CCN1CC2OCCOC2C1)Nc1ccc2ncnc(Nc3ccccc3)c2c1,False,513.96,3.77,8.2,4,,0
dacomitinib,EGFR,CHEMBL6024052,,,False,COc1cc2ncnc(Nc3ccc(F)c(Cl)c3)c2cc1NC(=O)/C=C/CN1C[C@@H]2OCCO[C@H]2C1,REGOTSLWVKSZRG-JFWCZTBVSA-N,78.21,0.7821,O=C(C=CCN1CC2OCCOC2C1)Nc1ccc2ncnc(Nc3ccccc3)c2c1,False,513.96,3.77,8.08,2,,0
dacomitinib,EGFR,CHEMBL5999223,,,False,COc1cc2ncnc(Nc3ccc(F)c(Cl)c3)c2cc1NC(=O)/C=C/CN1CCC1CO,MCVGYROQTOADFC-NSCUHMNNSA-N,76.92,0.7692,O=C(C=CCN1CCC1)Nc1ccc2ncnc(Nc3ccccc3)c2c1,False,471.92,3.74,8.64,1,,0
dacomitinib,EGFR,CHEMBL3622650,,,False,O=C(/C=C/CN1CCCCC1)Nc1cc2c(Nc3ccc(F)c(Cl)c3)ncnc2cc1O[C@H]1CCOC1,CROUCCLWECZKHT-PXPVJAHISA-N,76.83,0.7683,O=C(C=CCN1CCCCC1)Nc1cc2c(Nc3ccccc3)ncnc2cc1OC1CCOC1,False,526.01,5.31,8.28,1,,0
dacomitinib,EGFR,CHEMBL3357635,,,False,COc1cc2ncnc(Nc3ccc(F)c(Cl)c3)c2cc1NC(=O)/C(F)=C/CN1CCCCC1,ZDRUKZASWZMRRR-GXHLCREISA-N,76.62,0.7662,O=C(C=CCN1CCCCC1)Nc1ccc2ncnc(Nc3ccccc3)c2c1,True,487.94,5.45,9.57,1,T790M,1
dacomitinib,EGFR,CHEMBL3357636,,,False,COc1cc2ncnc(Nc3ccc(F)c(Cl)c3)c2cc1NC(=O)/C(F)=C\CN1CCCCC1,ZDRUKZASWZMRRR-FBCYGCLPSA-N,76.62,0.7662,O=C(C=CCN1CCCCC1)Nc1ccc2ncnc(Nc3ccccc3)c2c1,True,487.94,5.45,9.17,1,,0
dacomitinib,EGFR,CHEMBL5440872,,,False,COc1cc2ncnc(Nc3ccc(F)c(Cl)c3)c2cc1OC(=O)/C=C/CN1CCCCC1,YGLZMKQGBSVVAE-AATRIKPKSA-N,76.32,0.7632,O=C(C=CCN1CCCCC1)Oc1ccc2ncnc(Nc3ccccc3)c2c1,False,470.93,5.12,5.3,2,,0
dacomitinib,EGFR,CHEMBL6064874,,,False,COC[C@@H]1CCN1C/C=C/C(=O)Nc1cc2c(Nc3ccc(F)c(Cl)c3)ncnc2cc1OC,KYLTYWRKNDUYIL-CWDCEQMOSA-N,75.95,0.7595,O=C(C=CCN1CCC1)Nc1ccc2ncnc(Nc3ccccc3)c2c1,False,485.95,4.39,7.67,1,,0
dacomitinib,EGFR,CHEMBL5742327,,,False,COC[C@H]1CCN1C/C=C/C(=O)Nc1cc2c(Nc3ccc(F)c(Cl)c3)ncnc2cc1OC,KYLTYWRKNDUYIL-QDLOVBKTSA-N,75.95,0.7595,O=C(C=CCN1CCC1)Nc1ccc2ncnc(Nc3ccccc3)c2c1,False,485.95,4.39,8.8,1,,0
dacomitinib,EGFR,CHEMBL3680375,,,False,O=C(/C=C/CN1CCCCC1)Nc1cc2c(Nc3ccc(F)c(Cl)c3)ncnc2cc1OCCCN1CCOCC1,CJIJVEOGUOJOMJ-GQCTYLIASA-N,75.61,0.7561,O=C(C=CCN1CCCCC1)Nc1cc2c(Nc3ccccc3)ncnc2cc1OCCCN1CCOCC1,False,583.11,5.25,7.95,2,,0
dacomitinib,EGFR,CHEMBL3622665,,,False,COc1cc2ncnc(Nc3ccc(F)c(Cl)c3)c2cc1NC(=O)/C=C/CNC1CC1,LRTVXQVIODSZCS-NSCUHMNNSA-N,72.73,0.7273,O=C(C=CCNC1CC1)Nc1ccc2ncnc(Nc3ccccc3)c2c1,False,441.89,4.42,8.68,1,,0
dacomitinib,EGFR,CHEMBL3622659,,,False,COCCOc1cc2ncnc(Nc3ccc(F)c(Cl)c3)c2cc1NC(=O)/C=C/CN1CC[S+]([O-])CC1,YBGBRWKVGSKVQC-NSCUHMNNSA-N,72.29,0.7229,O=C(C=CCN1CC[SH+]CC1)Nc1ccc2ncnc(Nc3ccccc3)c2c1,False,548.04,3.75,6.45,1,,0
dacomitinib,EGFR,CHEMBL3930506,,,False,O=C(/C=C/CN1CCCCC1)Nc1cc2c(Nc3ccc(F)c(Cl)c3)ncnc2cn1,YBEIPHUFRFGXCJ-SNAWJCMRSA-N,72.0,0.72,O=C(C=CCN1CCCCC1)Nc1cc2c(Nc3ccccc3)ncnc2cn1,False,440.91,4.54,8.27,2,,0
dacomitinib,EGFR,CHEMBL3622660,,,False,COc1cc2ncnc(Nc3ccc(F)c(Cl)c3)c2cc1NC(=O)/C=C/CN(C1CC1)C1CC1,YIZJGXYGVQMQIR-NSCUHMNNSA-N,71.79,0.7179,O=C(C=CCN(C1CC1)C1CC1)Nc1ccc2ncnc(Nc3ccccc3)c2c1,False,481.96,5.3,,0,,0
dacomitinib,EGFR,CHEMBL3958482,,,False,COc1cc2ncnc(Nc3ccc(Oc4ccccc4)cc3)c2cc1NC(=O)/C=C/CN1CCCCC1,NELOELKXGMSYHF-DHZHZOJOSA-N,71.79,0.7179,O=C(C=CCN1CCCCC1)Nc1ccc2ncnc(Nc3ccc(Oc4ccccc4)cc3)c2c1,False,509.61,6.15,7.34,2,,0
dacomitinib,EGFR,CHEMBL3622653,,,False,COc1cc2ncnc(Nc3ccc(F)c(Cl)c3)c2cc1NC(=O)/C=C/CN(C)C1CC1,CXDDCGQBCOYFSQ-ONEGZZNKSA-N,70.89,0.7089,O=C(C=CCNC1CC1)Nc1ccc2ncnc(Nc3ccccc3)c2c1,False,455.92,4.76,7.57,1,,0
dacomitinib,EGFR,CHEMBL3950549,,,False,COc1cc2ncnc(Nc3ccc(F)c(Cl)c3)c2cc1NC(=O)/C=C/CN(C(C)C)C(C)C,LJRGBEPLXWZRBM-VOTSOKGWSA-N,70.51,0.7051,c1ccc(Nc2ncnc3ccccc23)cc1,False,485.99,5.79,8.38,2,,0
dacomitinib,EGFR,CHEMBL3622672,,,False,C#Cc1cccc(Nc2ncnc3cc(OC)c(NC(=O)/C=C/CN4CCCCC4)cc23)c1,NAVGIMRWOWYNEP-DHZHZOJOSA-N,70.0,0.7,O=C(C=CCN1CCCCC1)Nc1ccc2ncnc(Nc3ccccc3)c2c1,True,441.54,4.34,8.12,2,,0
olaparib,PARP1,CHEMBL521686,OLAPARIB,4.0,True,O=C(c1cc(Cc2n[nH]c(=O)c3ccccc23)ccc1F)N1CCN(C(=O)C2CC2)CC1,FDLYAMZZIXQODN-UHFFFAOYSA-N,100.0,1.0,O=C(c1cccc(Cc2n[nH]c(=O)c3ccccc23)c1)N1CCN(C(=O)C2CC2)CC1,True,434.47,2.35,8.3,121,,0
olaparib,PARP1,CHEMBL494875,,,False,O=C(c1cc(Cc2n[nH]c(=O)c3ccccc23)ccc1F)N1CCCN(C(=O)C2CC2)CC1,HMBFKXWVDIGBEJ-UHFFFAOYSA-N,94.74,0.9474,O=C(c1cccc(Cc2n[nH]c(=O)c3ccccc23)c1)N1CCCN(C(=O)C2CC2)CC1,False,448.5,2.74,7.92,1,,0
olaparib,PARP1,CHEMBL524190,,,False,O=C(c1cc(Cc2n[nH]c(=O)c3ccccc23)ccc1F)N1CCN(C(=O)C2CCCC2)CC1,QRMNSIPIDRZNIC-UHFFFAOYSA-N,92.98,0.9298,O=C(c1cccc(Cc2n[nH]c(=O)c3ccccc23)c1)N1CCN(C(=O)C2CCCC2)CC1,False,462.53,3.13,8.7,1,,0
olaparib,PARP1,CHEMBL522487,,,False,O=C(c1cc(Cc2n[nH]c(=O)c3ccccc23)ccc1F)N1CCN(C(=O)C2CCCCC2)CC1,YNIPVLULLQATKK-UHFFFAOYSA-N,91.38,0.9138,O=C(c1cccc(Cc2n[nH]c(=O)c3ccccc23)c1)N1CCN(C(=O)C2CCCCC2)CC1,False,476.55,3.52,7.82,1,,0
olaparib,PARP1,CHEMBL4174140,,,False,O=C(c1cc(Cc2n[nH]c(=O)c3ccccc23)ccc1F)N1CCC2(CC1)CCN(C(=O)C1CC1)CC2,WNSCHUNLCBKWPT-UHFFFAOYSA-N,88.33,0.8833,O=C(c1cccc(Cc2n[nH]c(=O)c3ccccc23)c1)N1CCC2(CC1)CCN(C(=O)C1CC1)CC2,False,502.59,3.91,7.35,1,,0
olaparib,PARP1,CHEMBL5403607,,,False,O=C(c1cc(Cc2n[nH]c(=O)c3ccc(O)cc23)ccc1F)N1CCN(C(=O)C2CC2)CC1,MYHBJWGJCFCDGS-UHFFFAOYSA-N,83.33,0.8333,O=C(c1cccc(Cc2n[nH]c(=O)c3ccccc23)c1)N1CCN(C(=O)C2CC2)CC1,True,450.47,2.05,8.57,1,,0
olaparib,PARP1,CHEMBL524165,,,False,O=C(c1cc(Cc2n[nH]c(=O)c3ccccc23)ccc1F)N1CCN(C(=O)C2CCOC2)CC1,LFBIBRZDFVGXGR-UHFFFAOYSA-N,82.54,0.8254,O=C(c1cccc(Cc2n[nH]c(=O)c3ccccc23)c1)N1CCN(C(=O)C2CCOC2)CC1,False,464.5,1.97,8.7,1,,0
olaparib,PARP1,CHEMBL4162368,,,False,O=C(c1cc(Cc2n[nH]c(=O)c3ccccc23)ccc1F)N1CCC2(CCN(C(=O)C3CC3)CC2)C1,DPRULNDJHOQGBN-UHFFFAOYSA-N,82.54,0.8254,O=C(c1cccc(Cc2n[nH]c(=O)c3ccccc23)c1)N1CCC2(CCN(C(=O)C3CC3)CC2)C1,False,488.56,3.52,6.65,1,,0
olaparib,PARP1,CHEMBL4165488,,,False,O=C(c1cc(Cc2n[nH]c(=O)c3ccccc23)ccc1F)N1CC2(CCN(C(=O)C3CC3)CC2)C1,DZHLUKAKWQNXMK-UHFFFAOYSA-N,82.54,0.8254,O=C(c1cccc(Cc2n[nH]c(=O)c3ccccc23)c1)N1CC2(CCN(C(=O)C3CC3)CC2)C1,False,474.54,3.13,7.0,1,,0
olaparib,PARP1,CHEMBL5440303,,,False,O=C(c1cc(Cc2n[nH]c(=O)c3cc(O)ccc23)ccc1F)N1CCN(C(=O)C2CC2)CC1,TXSTXVIMEGPQLD-UHFFFAOYSA-N,81.97,0.8197,O=C(c1cccc(Cc2n[nH]c(=O)c3ccccc23)c1)N1CCN(C(=O)C2CC2)CC1,True,450.47,2.05,8.03,1,,0
olaparib,PARP1,CHEMBL4173393,,,False,O=C(c1cc(Cc2n[nH]c(=O)c3ccccc23)ccc1F)N1CC2(C1)CN(C(=O)C1CC1)C2,FALSUKQEJNJIJI-UHFFFAOYSA-N,81.97,0.8197,O=C(c1cccc(Cc2n[nH]c(=O)c3ccccc23)c1)N1CC2(C1)CN(C(=O)C1CC1)C2,False,446.48,2.35,7.9,1,,0
olaparib,PARP1,CHEMBL4160236,,,False,O=C(c1cc(Cc2n[nH]c(=O)c3ccccc23)cc(F)c1F)N1CCN(C(=O)C2CC2)CC1,XXDGNQPNBGGJQN-UHFFFAOYSA-N,81.67,0.8167,O=C(c1cccc(Cc2n[nH]c(=O)c3ccccc23)c1)N1CCN(C(=O)C2CC2)CC1,True,452.46,2.49,7.95,1,,0
olaparib,PARP1,CHEMBL4162614,,,False,O=C(c1cc(Cc2n[nH]c(=O)c3ccccc23)ccc1F)N1CCC2(CCN(C(=O)C3CC3)C2)C1,PVWNOELEFNMYJX-UHFFFAOYSA-N,79.69,0.7969,O=C(c1cccc(Cc2n[nH]c(=O)c3ccccc23)c1)N1CCC2(CCN(C(=O)C3CC3)C2)C1,False,474.54,3.13,5.59,1,,0
olaparib,PARP1,CHEMBL4174370,,,False,O=C(c1cc(Cc2n[nH]c(=O)c3ccccc23)ccc1F)N1CCC2(C1)CN(C(=O)C1CC1)C2,ABOHNRREIXUDIK-UHFFFAOYSA-N,79.69,0.7969,O=C(c1cccc(Cc2n[nH]c(=O)c3ccccc23)c1)N1CCC2(C1)CN(C(=O)C1CC1)C2,False,460.51,2.74,5.6,1,,0
olaparib,PARP1,CHEMBL4177163,,,False,O=C(C1CC1)N1CCC2(CC1)CCN2C(=O)c1cc(Cc2n[nH]c(=O)c3ccccc23)ccc1F,DKBLNSZELYFMFX-UHFFFAOYSA-N,79.69,0.7969,O=C(C1CC1)N1CCC2(CC1)CCN2C(=O)c1cccc(Cc2n[nH]c(=O)c3ccccc23)c1,False,474.54,3.27,6.37,1,,0
olaparib,PARP1,CHEMBL5403789,,,False,O=C(c1cc(Cc2n[nH]c(=O)c3cccc(O)c23)ccc1F)N1CCN(C(=O)C2CC2)CC1,HCSDBWQLMBCURU-UHFFFAOYSA-N,79.37,0.7937,O=C(c1cccc(Cc2n[nH]c(=O)c3ccccc23)c1)N1CCN(C(=O)C2CC2)CC1,True,450.47,2.05,9.76,1,,0
olaparib,PARP1,CHEMBL503239,,,False,O=C(c1cc(Cc2n[nH]c(=O)c3ccccc23)ccc1F)N1CCN(CC2CC2)CC1,BEBQBKNPFJZANL-UHFFFAOYSA-N,78.69,0.7869,O=C(c1cccc(Cc2n[nH]c(=O)c3ccccc23)c1)N1CCN(CC2CC2)CC1,False,420.49,2.82,8.4,1,,0
olaparib,PARP1,CHEMBL494505,,,False,CCC(=O)N1CCN(C(=O)c2cc(Cc3n[nH]c(=O)c4ccccc34)ccc2F)CC1,IBNIZTOVOPEHQA-UHFFFAOYSA-N,78.33,0.7833,O=C(c1cccc(Cc2n[nH]c(=O)c3ccccc23)c1)N1CCNCC1,False,422.46,2.35,8.3,1,,0
olaparib,PARP1,CHEMBL521815,,,False,CN1CCN(C(=O)c2cc(Cc3n[nH]c(=O)c4ccccc34)ccc2F)CC1,IVWVPBNVKQKJHI-UHFFFAOYSA-N,77.97,0.7797,O=C(c1cccc(Cc2n[nH]c(=O)c3ccccc23)c1)N1CCNCC1,False,380.42,2.04,7.89,1,,0
olaparib,PARP1,CHEMBL493306,,,False,O=C(c1ccccc1)N1CCN(C(=O)c2cc(Cc3n[nH]c(=O)c4ccccc34)ccc2F)CC1,WHJJMNMZCPAJAT-UHFFFAOYSA-N,77.97,0.7797,O=C(c1ccccc1)N1CCN(C(=O)c2cccc(Cc3n[nH]c(=O)c4ccccc34)c2)CC1,False,470.5,3.25,8.22,1,,0
olaparib,PARP1,CHEMBL495322,,,False,CC(=O)N1CCN(C(=O)c2cc(Cc3n[nH]c(=O)c4ccccc34)ccc2F)CC1,LKZONVZIQFMBNL-UHFFFAOYSA-N,77.97,0.7797,O=C(c1cccc(Cc2n[nH]c(=O)c3ccccc23)c1)N1CCNCC1,False,408.43,1.96,8.22,1,,0
olaparib,PARP1,CHEMBL492671,,,False,O=C(c1cc(Cc2n[nH]c(=O)c3ccccc23)ccc1F)N1CCN(C(=O)C2CCCO2)CC1,ZNOCPAABZHOLJK-UHFFFAOYSA-N,76.92,0.7692,O=C(c1cccc(Cc2n[nH]c(=O)c3ccccc23)c1)N1CCN(C(=O)C2CCCO2)CC1,False,464.5,2.12,8.52,1,,0
olaparib,PARP1,CHEMBL492692,,,False,CCN1CCN(C(=O)c2cc(Cc3n[nH]c(=O)c4ccccc34)ccc2F)CC1,HMHYTYGWEUHDKI-UHFFFAOYSA-N,76.67,0.7667,O=C(c1cccc(Cc2n[nH]c(=O)c3ccccc23)c1)N1CCNCC1,False,394.45,2.43,8.22,1,,0
olaparib,PARP1,CHEMBL4635552,,,False,O=C1CCN(C(=O)c2cc(Cc3n[nH]c(=O)c4ccccc34)ccc2F)CC1,DHWRSCDEZHJNAF-UHFFFAOYSA-N,76.27,0.7627,O=C1CCN(C(=O)c2cccc(Cc3n[nH]c(=O)c4ccccc34)c2)CC1,False,379.39,2.46,,0,,0
olaparib,PARP1,CHEMBL493045,,,False,O=C(c1cc(Cc2n[nH]c(=O)c3ccccc23)ccc1F)N1CCNCC1,MFFUYEOGICAKCK-UHFFFAOYSA-N,76.27,0.7627,O=C(c1cccc(Cc2n[nH]c(=O)c3ccccc23)c1)N1CCNCC1,False,366.4,1.7,8.23,4,,0
olaparib,PARP1,CHEMBL4172269,,,False,O=C(C1CC1)N1CC2(CCN2C(=O)c2cc(Cc3n[nH]c(=O)c4ccccc34)ccc2F)C1,WSTKPUAPFCQLTL-UHFFFAOYSA-N,75.76,0.7576,O=C(C1CC1)N1CC2(CCN2C(=O)c2cccc(Cc3n[nH]c(=O)c4ccccc34)c2)C1,False,446.48,2.49,6.89,1,,0
olaparib,PARP1,CHEMBL4650351,PARPI,3.0,False,O=C(c1ccc(F)cc1)N1CCN(C(=O)c2cc(Cc3n[nH]c(=O)c4ccccc34)ccc2F)CC1,LTZZZXXIKHHTMO-UHFFFAOYSA-N,75.41,0.7541,O=C(c1ccccc1)N1CCN(C(=O)c2cccc(Cc3n[nH]c(=O)c4ccccc34)c2)CC1,False,488.49,3.39,,0,,0
olaparib,PARP1,CHEMBL493307,,,False,O=C(c1cc(Cc2n[nH]c(=O)c3ccccc23)ccc1F)N1CCN(CCO)CC1,IRTDHQQMWQZRMG-UHFFFAOYSA-N,75.41,0.7541,O=C(c1cccc(Cc2n[nH]c(=O)c3ccccc23)c1)N1CCNCC1,False,410.45,1.4,7.92,1,,0
olaparib,PARP1,CHEMBL494929,,,False,O=C(c1cc(Cc2n[nH]c(=O)c3ccccc23)ccc1F)N1CCN(c2ccccc2)CC1,TZJJVQXVQDGNPM-UHFFFAOYSA-N,75.41,0.7541,O=C(c1cccc(Cc2n[nH]c(=O)c3ccccc23)c1)N1CCN(c2ccccc2)CC1,False,442.49,3.62,8.3,1,,0
olaparib,PARP1,CHEMBL4098253,AZD2461,1.0,False,COC1CCN(C(=O)c2cc(Cc3n[nH]c(=O)c4ccccc34)ccc2F)CC1,HYNBNUYQTQIHJK-UHFFFAOYSA-N,74.6,0.746,O=C(c1cccc(Cc2n[nH]c(=O)c3ccccc23)c1)N1CCCCC1,False,395.43,2.9,8.62,4,,0
olaparib,PARP1,CHEMBL3897941,,,False,O=C(c1cc(Cc2n[nH]c(=O)c3c2CCCC3)ccc1F)N1CCN(C(=O)C2CC2)CC1,XGXYIXNWQNNHRE-UHFFFAOYSA-N,74.19,0.7419,O=C(c1cccc(Cc2n[nH]c(=O)c3c2CCCC3)c1)N1CCN(C(=O)C2CC2)CC1,False,438.5,2.07,8.8,1,,0
olaparib,PARP1,CHEMBL493692,,,False,CCCN1CCN(C(=O)c2cc(Cc3n[nH]c(=O)c4ccccc34)ccc2F)CC1,UEZOKVANUGXRIW-UHFFFAOYSA-N,74.19,0.7419,O=C(c1cccc(Cc2n[nH]c(=O)c3ccccc23)c1)N1CCNCC1,False,408.48,2.82,8.22,1,,0
olaparib,PARP1,CHEMBL523879,,,False,CC(=O)N1CCCN(C(=O)c2cc(Cc3n[nH]c(=O)c4ccccc34)ccc2F)CC1,KIUVKKUPUFKEGB-UHFFFAOYSA-N,74.19,0.7419,O=C(c1cccc(Cc2n[nH]c(=O)c3ccccc23)c1)N1CCCNCC1,False,422.46,2.35,7.92,1,,0
olaparib,PARP1,CHEMBL523686,,,False,O=C(c1cc(Cc2n[nH]c(=O)c3ccccc23)ccc1F)N1CCN(c2ncccn2)CC1,KXGNSWHPVPEREO-UHFFFAOYSA-N,73.02,0.7302,O=C(c1cccc(Cc2n[nH]c(=O)c3ccccc23)c1)N1CCN(c2ncccn2)CC1,False,444.47,2.41,8.52,1,,0
olaparib,PARP1,CHEMBL493499,,,False,CCS(=O)(=O)N1CCN(C(=O)c2cc(Cc3n[nH]c(=O)c4ccccc34)ccc2F)CC1,MMEQSIXVTSGDJP-UHFFFAOYSA-N,73.02,0.7302,O=C(c1cccc(Cc2n[nH]c(=O)c3ccccc23)c1)N1CCNCC1,False,458.52,1.76,8.1,1,,0
olaparib,PARP1,CHEMBL494721,,,False,O=C(c1cc(Cc2n[nH]c(=O)c3ccccc23)ccc1F)N1CCN(C(=O)N2CCOCC2)CC1,UXTPPELPUVQBLA-UHFFFAOYSA-N,73.02,0.7302,O=C(c1cccc(Cc2n[nH]c(=O)c3ccccc23)c1)N1CCN(C(=O)N2CCOCC2)CC1,False,479.51,1.86,8.22,1,,0
olaparib,PARP1,CHEMBL3735979,,,False,O=C(c1ccc(I)cc1)N1CCN(C(=O)c2cc(Cc3n[nH]c(=O)c4ccccc34)ccc2F)CC1,QOCIPUHZHXLQMK-UHFFFAOYSA-N,73.02,0.7302,O=C(c1ccccc1)N1CCN(C(=O)c2cccc(Cc3n[nH]c(=O)c4ccccc34)c2)CC1,False,596.4,3.86,8.15,3,,0
olaparib,PARP1,CHEMBL3735789,,,False,O=C(c1ccc([123I])cc1)N1CCN(C(=O)c2cc(Cc3n[nH]c(=O)c4ccccc34)ccc2F)CC1,QOCIPUHZHXLQMK-GZUOPVTASA-N,73.02,0.7302,O=C(c1ccccc1)N1CCN(C(=O)c2cccc(Cc3n[nH]c(=O)c4ccccc34)c2)CC1,False,592.4,3.86,,0,,0
olaparib,PARP1,CHEMBL4789002,,,False,O=C(c1cc(Cc2n[nH]c(=O)c3ccccc23)ccc1F)N1CCN(C(=O)C(C2CCCCC2)C2CCCCC2)CC1,ASIBWLNNWSOLGC-UHFFFAOYSA-N,72.73,0.7273,O=C(c1cccc(Cc2n[nH]c(=O)c3ccccc23)c1)N1CCN(C(=O)C(C2CCCCC2)C2CCCCC2)CC1,False,572.73,5.71,,0,,0
olaparib,PARP1,CHEMBL4449136,,,False,CCOC1CCN(C(=O)c2cc(Cc3n[nH]c(=O)c4ccccc34)ccc2F)CC1,DJEHQEPFMQSQFB-UHFFFAOYSA-N,72.31,0.7231,O=C(c1cccc(Cc2n[nH]c(=O)c3ccccc23)c1)N1CCCCC1,False,409.46,3.29,,0,,0
olaparib,PARP1,CHEMBL493693,,,False,CCCCN1CCN(C(=O)c2cc(Cc3n[nH]c(=O)c4ccccc34)ccc2F)CC1,PIWSGZSNZZQFIY-UHFFFAOYSA-N,71.88,0.7188,O=C(c1cccc(Cc2n[nH]c(=O)c3ccccc23)c1)N1CCNCC1,False,422.5,3.21,8.3,1,,0
olaparib,PARP1,CHEMBL4784477,,,False,O=C(c1cc(Cc2n[nH]c(=O)c3ccccc23)ccc1F)N1CCN(C(=O)C(c2ccccc2)c2ccccc2)CC1,CVQWWFFUIUXNAI-UHFFFAOYSA-N,71.88,0.7188,O=C(c1cccc(Cc2n[nH]c(=O)c3ccccc23)c1)N1CCN(C(=O)C(c2ccccc2)c2ccccc2)CC1,False,560.63,4.77,,0,,0
olaparib,PARP1,CHEMBL3943016,,,False,O=C(c1cc(Cc2n[nH]c(=O)c3c2CCCC3)ccc1F)N1CCCN(C(=O)C2CC2)CC1,LELMGEVUZAOQTO-UHFFFAOYSA-N,71.88,0.7188,O=C(c1cccc(Cc2n[nH]c(=O)c3c2CCCC3)c1)N1CCCN(C(=O)C2CC2)CC1,False,452.53,2.46,8.72,1,,0
olaparib,PARP1,CHEMBL380648,,,False,O=C(c1cc(Cc2n[nH]c(=O)c3ccccc23)ccc1F)N1CCCNCC1,HGEPGGJUGUMFHT-UHFFFAOYSA-N,71.43,0.7143,O=C(c1cccc(Cc2n[nH]c(=O)c3ccccc23)c1)N1CCCNCC1,False,380.42,2.09,8.15,4,,0
olaparib,PARP1,CHEMBL5950618,,,False,CP1(=O)CCN(C(=O)c2cc(Cc3n[nH]c(=O)c4ccccc34)ccc2F)CC1,ZFXYFCAQJYKEKE-UHFFFAOYSA-N,71.43,0.7143,O=C(c1cccc(Cc2n[nH]c(=O)c3ccccc23)c1)N1CC[PH](=O)CC1,False,413.39,3.1,,0,,0
olaparib,PARP1,CHEMBL523887,,,False,O=C(c1cc(Cc2n[nH]c(=O)c3ccccc23)ccc1F)N1CCCN(CCO)CC1,DRIHFTMAXLFLFW-UHFFFAOYSA-N,70.77,0.7077,O=C(c1cccc(Cc2n[nH]c(=O)c3ccccc23)c1)N1CCCNCC1,False,424.48,1.79,8.15,1,,0
olaparib,PARP1,CHEMBL523058,,,False,O=C(c1cc(Cc2n[nH]c(=O)c3ccccc23)ccc1F)N1CCN(c2ccccn2)CC1,MKSXJRJUBVNORD-UHFFFAOYSA-N,70.77,0.7077,O=C(c1cccc(Cc2n[nH]c(=O)c3ccccc23)c1)N1CCN(c2ccccn2)CC1,False,443.48,3.01,8.7,1,,0
olaparib,PARP1,CHEMBL3736047,,,False,O=C(c1cccc(I)c1)N1CCN(C(=O)c2cc(Cc3n[nH]c(=O)c4ccccc34)ccc2F)CC1,BXSRLXZDPDFDTP-UHFFFAOYSA-N,70.77,0.7077,O=C(c1ccccc1)N1CCN(C(=O)c2cccc(Cc3n[nH]c(=O)c4ccccc34)c2)CC1,False,596.4,3.86,8.41,1,,0
olaparib,PARP1,CHEMBL5180625,,,False,O=C(c1cc(Cc2n[nH]c(=O)c3ccccc23)ccc1F)N1CCN(c2c3ccccc3nc3ccccc23)CC1,PHKWSTVRMZDWNZ-UHFFFAOYSA-N,70.77,0.7077,O=C(c1cccc(Cc2n[nH]c(=O)c3ccccc23)c1)N1CCN(c2c3ccccc3nc3ccccc23)CC1,False,543.6,5.32,4.93,1,,0
olaparib,PARP1,CHEMBL6008652,,,False,O=C(C1CC1)N1CCP(=O)(c2cc(Cc3n[nH]c(=O)c4ccccc34)ccc2F)CC1,BRSZGGBHINPRIY-UHFFFAOYSA-N,70.77,0.7077,O=C(C1CC1)N1CCP(=O)(c2cccc(Cc3n[nH]c(=O)c4ccccc34)c2)CC1,False,439.43,2.89,,0,,0
olaparib,PARP1,CHEMBL4166896,,,False,O=C(c1cc(Cc2n[nH]c(=O)c3ccccc23)ccc1F)N1CCC2(CCCCC2)CC1,PICNYQSZNYVSEU-UHFFFAOYSA-N,70.31,0.7031,O=C(c1cccc(Cc2n[nH]c(=O)c3ccccc23)c1)N1CCC2(CCCCC2)CC1,False,433.53,4.84,7.24,1,,0
olaparib,PARP1,CHEMBL5196674,,,False,COC1CCCN(C(=O)c2cc(Cc3n[nH]c(=O)c4ccccc34)ccc2F)CC1,JTWHJULZPHHSLX-UHFFFAOYSA-N,70.15,0.7015,O=C(c1cccc(Cc2n[nH]c(=O)c3ccccc23)c1)N1CCCCCC1,False,409.46,3.29,8.33,1,,0
olaparib,PARP1,CHEMBL4794938,,,False,O=C(CC1c2ccccc2-c2ccccc21)N1CCN(C(=O)c2cc(Cc3n[nH]c(=O)c4ccccc34)ccc2F)CC1,QKAIHKKFANSCIP-UHFFFAOYSA-N,70.15,0.7015,O=C(CC1c2ccccc2-c2ccccc21)N1CCN(C(=O)c2cccc(Cc3n[nH]c(=O)c4ccccc34)c2)CC1,False,572.64,5.14,,0,,0
