population,endpoint,effect_type,estimate,ci_lo,ci_hi,p,n,analysis_type,direction_note,favours_drug,significant,note,asset,pmid,year,in_abstract
Completely resected MAGE-A3-positive stage IB-II NSCLC (MAGE-A3 immunotherapeutic n=122 vs placebo n=60),"Disease-free interval (DFI), median follow-up 44 months",HR,0.75,0.46,1.23,.254,182.0,primary,lower is better,True,False,Primary endpoint; no statistically significant improvement in DFI,MAGE-A3 immunotherapeutic,23715567,2013,True
Completely resected MAGE-A3-positive stage IB-II NSCLC (MAGE-A3 immunotherapeutic n=122 vs placebo n=60),"Disease-free survival (DFS), median follow-up 44 months",HR,0.76,0.48,1.21,.248,182.0,secondary,lower is better,True,False,No statistically significant improvement in DFS,MAGE-A3 immunotherapeutic,23715567,2013,True
Completely resected MAGE-A3-positive stage IB-II NSCLC (MAGE-A3 immunotherapeutic n=122 vs placebo n=60),"Overall survival (OS), median follow-up 44 months",HR,0.81,0.47,1.4,.454,182.0,secondary,lower is better,True,False,No statistically significant improvement in OS,MAGE-A3 immunotherapeutic,23715567,2013,True
Completely resected MAGE-A3-positive stage IB-II NSCLC (MAGE-A3 immunotherapeutic n=122 vs placebo n=60),"Disease-free interval (DFI), median follow-up 70 months",HR,,,,,182.0,primary,lower is better,False,False,"Abstract reports only 'a similar trend' at 70-month follow-up; no numeric HR/CI/p given, so treated as primary endpoint not met",MAGE-A3 immunotherapeutic,23715567,2013,False
Completely resected MAGE-A3-positive stage IB-II NSCLC (MAGE-A3 immunotherapeutic n=122 vs placebo n=60),"Disease-free survival (DFS), median follow-up 70 months",HR,,,,,182.0,secondary,lower is better,False,False,Abstract reports only 'a similar trend' at 70-month follow-up; no numeric HR/CI/p given,MAGE-A3 immunotherapeutic,23715567,2013,False
"Modified intent-to-treat population, mild to moderate AD, all dose cohorts",ADAS-Cog,MD,,,,,234.0,primary,lower is better,False,False,Prespecified primary efficacy analysis within dose cohorts; no significant differences found; no numeric estimate reported.,bapineuzumab,19923550,2009,False
"Modified intent-to-treat population, mild to moderate AD, all dose cohorts",DAD (Disability Assessment for Dementia),MD,,,,,234.0,primary,lower is better,False,False,Prespecified primary efficacy analysis within dose cohorts; no significant differences found; no numeric estimate reported.,bapineuzumab,19923550,2009,False
Study 'completers' (dose cohorts combined),Cognitive and functional endpoints,MD,,,,<0.05,,exploratory subgroup,lower is better,True,True,"Exploratory analysis combining dose cohorts, not assuming a specific decline pattern; p<0.05 unadjusted for multiple comparisons; no effect size given.",bapineuzumab,19923550,2009,False
APOE epsilon4 noncarriers (dose cohorts combined),Cognitive and functional endpoints,MD,,,,<0.05,,exploratory subgroup,lower is better,True,True,"Exploratory analysis combining dose cohorts, not assuming a specific decline pattern; p<0.05 unadjusted for multiple comparisons; no effect size given.",bapineuzumab,19923550,2009,False
"Platinum-sensitive relapsed ovarian cancer, farletuzumab 1.25 mg/kg + carboplatin/taxane vs placebo",Progression-free survival (PFS),HR,0.99,0.81,1.21,,,primary,lower is better,True,False,"Primary PFS analysis; median PFS 9.5 vs 9.0 months (placebo). Total randomized N=1,100 across all arms (1:1:1). HR<1 nominally favours drug but CI crosses 1; primary endpoint not met.",farletuzumab,27001568,2016,True
"Platinum-sensitive relapsed ovarian cancer, farletuzumab 2.5 mg/kg + carboplatin/taxane vs placebo",Progression-free survival (PFS),HR,0.86,0.7,1.06,,,primary,lower is better,True,False,"Primary PFS analysis; median PFS 9.7 vs 9.0 months (placebo). Total randomized N=1,100 across all arms (1:1:1). HR<1 nominally favours drug but CI crosses 1; primary endpoint not met.",farletuzumab,27001568,2016,True
"Baseline CA-125 not more than 3x ULN, farletuzumab 2.5 mg/kg vs placebo",Progression-free survival (PFS),HR,0.49,,,.0028,,prespecified subgroup,lower is better,True,True,CI not reported in abstract; described as 'additional analyses not outlined in the original protocol' but 'prespecified in the final statistical analysis plan' - abstract explicitly labels this a prespecified subgroup analysis.,farletuzumab,27001568,2016,True
"Baseline CA-125 not more than 3x ULN, farletuzumab 2.5 mg/kg vs placebo",Overall survival (OS),HR,0.44,,,.0108,,prespecified subgroup,lower is better,True,True,"CI not reported in abstract; abstract explicitly labels this a prespecified subgroup analysis (added to final SAP, not original protocol).",farletuzumab,27001568,2016,True
Farletuzumab exposure above median (regardless of dose) vs placebo,Progression-free survival (PFS),HR,,,,,,prespecified subgroup,lower is better,True,True,"Abstract states 'significantly better PFS versus placebo' without reporting HR, CI, or p-value; exposure subgroup analysis explicitly described as prespecified in the final statistical analysis plan.",farletuzumab,27001568,2016,False
PTEN-loss by immunohistochemistry population,radiographical progression-free survival,HR,0.77,0.61,0.98,0.034,521.0,co-primary,lower is better,True,True,Significant at prespecified alpha=0.04 per abstract,ipatasertib,34246347,2021,True
intention-to-treat population,radiographical progression-free survival,HR,0.84,0.71,0.99,0.043,1101.0,co-primary,lower is better,True,False,Not significant at prespecified alpha=0.01 per abstract,ipatasertib,34246347,2021,True
Intent-to-treat (ITT) population,Progression-free survival (PFS),HR,1.09,,,.69,137.0,co-primary,lower is better,False,False,Coprimary endpoint (PFS in ITT); no improvement reported.,onartuzumab,24101053,2013,True
Intent-to-treat (ITT) population,Overall survival (OS),HR,0.8,,,.34,137.0,secondary,lower is better,True,False,OS was an additional (secondary) endpoint; HR favors onartuzumab numerically but not statistically significant.,onartuzumab,24101053,2013,True
MET-positive (IHC diagnostic-positive) patients,Progression-free survival (PFS),HR,0.53,,,.04,66.0,co-primary,lower is better,True,True,Coprimary endpoint (PFS in MET-positive population); significant improvement with onartuzumab plus erlotinib.,onartuzumab,24101053,2013,True
MET-positive (IHC diagnostic-positive) patients,Overall survival (OS),HR,0.37,,,.002,66.0,secondary,lower is better,True,True,Secondary endpoint (OS) in MET-positive population; significant improvement with onartuzumab plus erlotinib.,onartuzumab,24101053,2013,True
MET-negative patients,Progression-free survival (PFS),HR,1.82,,,.05,62.0,unspecified subgroup,lower is better,False,False,MET-negative subgroup comparison of onartuzumab plus erlotinib vs control; worse outcome with drug. Abstract does not explicitly label this subgroup analysis as prespecified/post hoc.,onartuzumab,24101053,2013,True
MET-negative patients,Overall survival (OS),HR,1.78,,,.16,62.0,unspecified subgroup,lower is better,False,False,"MET-negative subgroup; OS numerically worse with onartuzumab plus erlotinib, not statistically significant.",onartuzumab,24101053,2013,True
MET-positive vs MET-negative control-arm (placebo plus erlotinib) patients,Progression-free survival (PFS),HR,1.71,,,.06,62.0,unspecified subgroup,lower is better,False,False,"Prognostic comparison within control arm (MET-positive vs MET-negative), not a drug-treatment effect; not statistically significant.",onartuzumab,24101053,2013,True
MET-positive vs MET-negative control-arm (placebo plus erlotinib) patients,Overall survival (OS),HR,2.61,,,.004,62.0,unspecified subgroup,lower is better,False,True,"Prognostic comparison within control arm (MET-positive vs MET-negative); MET-positive status associated with worse OS regardless of drug, statistically significant.",onartuzumab,24101053,2013,True
"Intent-to-treat: women with recurrent platinum-resistant ovarian cancer, ≤2 prior cytotoxic regimens",Progression-free survival (PFS),HR,0.63,0.41,0.96,.031,149.0,primary,lower is better,True,True,Vintafolide + PLD vs PLD alone; median PFS 5.0 vs 2.7 months,vintafolide,24127448,2013,True
Patients with 100% of lesions positive for folate receptor (FR),Progression-free survival (PFS),HR,0.38,0.17,0.85,.013,,unspecified subgroup,lower is better,True,True,Median PFS 5.5 vs 1.5 months; abstract does not state whether this FR-based subgroup analysis was prespecified or post hoc,vintafolide,24127448,2013,True
Patients with FR-positive disease (10%-90% of lesions FR-positive),Progression-free survival (PFS),HR,0.873,,,,,unspecified subgroup,lower is better,True,,"Described as 'some PFS improvement'; no CI or p-value reported, so significance cannot be determined",vintafolide,24127448,2013,True
Patients with disease that did not express FR (FR-negative),Progression-free survival (PFS),HR,1.806,,,,,unspecified subgroup,lower is better,False,,"Described as 'no PFS benefit'; no CI or p-value reported, so significance cannot be determined",vintafolide,24127448,2013,True
"metastatic castration-resistant prostate cancer, no previous chemotherapy, PSA >5 ng/mL, Karnofsky ≥70%",overall survival,HR,0.93,0.79,1.1,0.415,1022.0,primary,lower is better,True,False,"Median OS 23.4 months (docetaxel+prednisone+custirsen, n=510) vs 22.0 months (docetaxel+prednisone alone, n=512); HR<1 nominally favours custirsen arm but CI crosses 1 and p=0.415, so not statistically significant.",custirsen,28283282,2017,True
Adenocarcinoma patients with elevated LDH (eLDH),Progression-free survival (PFS),HR,0.77,,,0.1134,114.0,co-primary,lower is better,True,False,"One of two co-primary endpoint subgroups; adjusted HR, PFS not improved with combination.",ganetespib,25997818,2015,True
Adenocarcinoma patients with mutated KRAS (mKRAS),Progression-free survival (PFS),HR,1.11,,,0.3384,89.0,co-primary,lower is better,False,False,Second co-primary endpoint subgroup; adjusted HR >1 favours docetaxel alone.,ganetespib,25997818,2015,True
Intent-to-treat adenocarcinoma population,Progression-free survival (PFS),HR,0.82,,,0.0784,253.0,secondary,lower is better,True,False,"Described as a trend favoring combination in overall ITT adenocarcinoma population, not statistically significant.",ganetespib,25997818,2015,True
Intent-to-treat adenocarcinoma population,Overall survival (OS),HR,0.84,,,0.1139,,secondary,lower is better,True,False,N not separately reported for OS analysis in this population.,ganetespib,25997818,2015,True
Adenocarcinoma patients diagnosed with advanced disease >6 months before study entry,Progression-free survival (PFS),HR,0.74,,,0.0417,177.0,prespecified subgroup,lower is better,True,True,Exploratory analysis of a prespecified subgroup; became target population for phase III study.,ganetespib,25997818,2015,True
Adenocarcinoma patients diagnosed with advanced disease >6 months before study entry,Overall survival (OS),HR,0.69,,,0.0191,177.0,prespecified subgroup,lower is better,True,True,Exploratory analysis of a prespecified subgroup; significant OS benefit with combination.,ganetespib,25997818,2015,True
Intention-to-treat population; patients with acute ischaemic stroke due to large vessel occlusion undergoing endovascular thrombectomy (n=1105),Favourable functional outcome at 90 days (mRS 0-2),RR,1.04,0.96,1.14,0.35,1105.0,primary,higher is better,True,False,"337/549 (61.4%) nerinetide vs 329/556 (59.2%) placebo achieved mRS 0-2 at 90 days; adjusted risk ratio adjusted for age, sex, baseline NIHSS, ASPECTS, occlusion location, site, alteplase use, and declared first device. Primary outcome not met.",nerinetide,32087818,2020,True
Intention-to-treat population (n=1105),"Secondary outcomes: neurological disability, functional independence in activities of daily living, excellent functional outcome (mRS 0-1), and mortality",other,,,,,1105.0,secondary,higher is better,False,False,Abstract states 'Secondary outcomes were similar between groups' without providing specific numeric estimates.,nerinetide,32087818,2020,False
Patients receiving intravenous alteplase (subgroup of ITT population),Treatment effect modification on primary outcome (mRS 0-2 at 90 days),other,,,,,,unspecified subgroup,higher is better,False,,"Abstract reports 'evidence of treatment effect modification resulting in inhibition of treatment effect in patients receiving alteplase' with no numeric estimate, CI, or p-value given, and no explicit statement of whether this subgroup analysis was prespecified or post hoc.",nerinetide,32087818,2020,False
"Patients with symptomatic chronic heart failure and EF ≤35% (GALACTIC-HF, omecamtiv mecarbil vs placebo)",Composite of first heart-failure event (hospitalization or urgent visit) or death from cardiovascular causes,HR,0.92,0.86,0.99,0.03,8232.0,primary,lower is better,True,True,Event in 1523/4120 (37.0%) omecamtiv mecarbil vs 1607/4112 (39.1%) placebo,omecamtiv mecarbil,33185990,2021,True
"Patients with symptomatic chronic heart failure and EF ≤35% (GALACTIC-HF, omecamtiv mecarbil vs placebo)",Death from cardiovascular causes,HR,1.01,0.92,1.11,,8232.0,secondary,lower is better,False,False,808/4120 (19.6%) omecamtiv mecarbil vs 798/4112 (19.4%) placebo died from cardiovascular causes; CI crosses 1,omecamtiv mecarbil,33185990,2021,True
"Patients with symptomatic chronic heart failure and EF ≤35% (GALACTIC-HF, omecamtiv mecarbil vs placebo)",Change from baseline in Kansas City Cardiomyopathy Questionnaire total symptom score,MD,,,,,,secondary,higher is better,False,False,Abstract states no significant difference between groups; no numeric estimate given,omecamtiv mecarbil,33185990,2021,False
"Patients with symptomatic chronic heart failure and EF ≤35% (GALACTIC-HF, omecamtiv mecarbil vs placebo)",Change from baseline in median NT-proBNP level at week 24,other,10.0,,,,,secondary,lower is better,True,,Median NT-proBNP change from baseline was 10% lower with omecamtiv mecarbil than placebo; no CI or p reported,omecamtiv mecarbil,33185990,2021,True
"Patients with symptomatic chronic heart failure and EF ≤35% (GALACTIC-HF, omecamtiv mecarbil vs placebo)",Change in median cardiac troponin I level at week 24,other,4.0,,,,,secondary,lower is better,False,,Median troponin I was 4 ng/L higher with omecamtiv mecarbil than placebo; no CI or p reported,omecamtiv mecarbil,33185990,2021,True
"Patients with symptomatic chronic heart failure and EF ≤35% (GALACTIC-HF, omecamtiv mecarbil vs placebo)",Frequency of cardiac ischemic and ventricular arrhythmia events,other,,,,,,secondary,lower is better,False,False,Described as 'similar in the two groups'; no numeric estimate given,omecamtiv mecarbil,33185990,2021,False
"Patients with severe HF (NYHA III-IV, LVEF ≤30%, HF hospitalization within 6 months) in GALACTIC-HF",Time to first HF event or CV death (primary composite endpoint),HR,0.8,0.71,0.9,,2258.0,post hoc subgroup,lower is better,True,True,Post hoc subgroup analysis of severe HF patients; interaction P = .005 comparing severe vs non-severe HF subgroups,omecamtiv mecarbil,34643642,2022,True
Patients without severe HF in GALACTIC-HF,Time to first HF event or CV death (primary composite endpoint),HR,0.99,0.91,1.08,,5974.0,post hoc subgroup,lower is better,True,False,Post hoc subgroup analysis of non-severe HF patients; interaction P = .005 comparing severe vs non-severe HF subgroups; n derived as 8232 total minus 2258 severe HF,omecamtiv mecarbil,34643642,2022,True
"Patients with severe HF (NYHA III-IV, LVEF ≤30%, HF hospitalization within 6 months) in GALACTIC-HF",Time to cardiovascular death,HR,0.88,0.75,1.03,,2258.0,post hoc subgroup,lower is better,True,False,Post hoc subgroup analysis of severe HF patients; interaction P = .03 comparing severe vs non-severe HF subgroups,omecamtiv mecarbil,34643642,2022,True
Patients without severe HF in GALACTIC-HF,Time to cardiovascular death,HR,1.1,0.97,1.25,,5974.0,post hoc subgroup,lower is better,False,False,Post hoc subgroup analysis of non-severe HF patients; interaction P = .03 comparing severe vs non-severe HF subgroups; n derived as 8232 total minus 2258 severe HF,omecamtiv mecarbil,34643642,2022,True
"Intention-to-treat population with high-risk MDS (RAEB-1, RAEB-2, RAEB-t, or CMML) after HMA failure",Overall survival,HR,0.87,0.67,1.14,0.33,299.0,primary,lower is better,True,False,"Primary outcome, ITT population; median OS 8.2 months (rigosertib) vs 5.9 months (BSC); HR 0.87 (95% CI 0.67-1.14), p=0.33; trial did not meet primary endpoint of significantly improved OS.",rigosertib,26968357,2016,True
Patients with mild-to-moderate Alzheimer's disease (EXPEDITION 1),Change from baseline to week 80 in ADAS-cog11 score,MD,-0.8,-2.1,0.5,0.24,1012.0,primary,lower is better,True,False,Modeled between-group difference (solanezumab minus placebo); numerically favors solanezumab but CI crosses null and not significant.,solanezumab,24450890,2014,True
Patients with mild-to-moderate Alzheimer's disease (EXPEDITION 1),Change from baseline to week 80 in ADCS-ADL score,MD,-0.4,-2.3,1.4,0.64,1012.0,primary,higher is better,False,False,"Modeled between-group difference (solanezumab minus placebo); since lower ADCS-ADL indicates worse functioning, a negative value numerically favors placebo; not significant.",solanezumab,24450890,2014,True
Patients with prodromal Alzheimer's disease (gantenerumab 105 mg vs placebo),CDR-SB change from baseline to week 104,MD,,,,,,primary,lower is better,False,False,"Abstract reports LS mean [95% CI] CDR-SB change of 1.60 [1.28, 1.91] (placebo) vs 1.69 [1.37, 2.01] (gantenerumab 105 mg); no between-group difference or CI for the difference is given. Abstract states 'No differences between groups in the primary ... clinical endpoints were observed.'",gantenerumab,29221491,2017,False
Patients with prodromal Alzheimer's disease (gantenerumab 225 mg vs placebo),CDR-SB change from baseline to week 104,MD,,,,,,primary,lower is better,False,False,"Abstract reports LS mean [95% CI] CDR-SB change of 1.60 [1.28, 1.91] (placebo) vs 1.73 [1.42, 2.04] (gantenerumab 225 mg); no between-group difference or CI for the difference is given. Abstract states 'No differences between groups in the primary ... clinical endpoints were observed.'",gantenerumab,29221491,2017,False
Patients with prodromal Alzheimer's disease (gantenerumab 105 mg and 225 mg vs placebo),Secondary clinical endpoints (unspecified),other,,,,,,secondary,lower is better,False,False,Abstract states 'No differences between groups in the primary or secondary clinical endpoints were observed'; no numeric estimates given for secondary endpoints.,gantenerumab,29221491,2017,False
"Patients with prodromal Alzheimer's disease (dose-dependent, gantenerumab vs placebo)",Clinical and biomarker endpoints (unspecified),other,,,,,,exploratory subgroup,lower is better,True,,"Abstract states 'Exploratory analyses suggested a dose-dependent drug effect on clinical and biomarker endpoints' and 'dose-dependent effects observed in exploratory analyses on select clinical and biomarker endpoints'; no numeric estimates, CIs, or p-values reported.",gantenerumab,29221491,2017,False
ITT: advanced/metastatic NSCLC adenocarcinoma progressing after ≥12 weeks erlotinib/gefitinib and 1-2 prior chemo lines (afatinib n=390 vs placebo n=195),Overall survival,HR,1.08,0.86,1.35,0.74,585.0,primary,lower is better,False,False,Primary endpoint; no OS benefit with afatinib vs placebo.,afatinib,22452896,2012,True
ITT: advanced/metastatic NSCLC adenocarcinoma progressing after ≥12 weeks erlotinib/gefitinib and 1-2 prior chemo lines (afatinib n=390 vs placebo n=195),Progression-free survival,HR,0.38,0.31,0.48,<0.0001,585.0,secondary,lower is better,True,True,Median PFS 3.3 months afatinib vs 1.1 months placebo.,afatinib,22452896,2012,True
ITT: advanced/metastatic NSCLC adenocarcinoma progressing after ≥12 weeks erlotinib/gefitinib and 1-2 prior chemo lines (afatinib n=390 vs placebo n=195),Objective response (partial response rate),other,,,,,585.0,secondary,higher is better,True,,"29 (7%) partial responses in afatinib group vs 1 patient in placebo group; no CI or formal comparative statistic reported, no complete responses in either group.",afatinib,22452896,2012,False
"Serologically active SLE patients (ANA >=1:80 and/or anti-dsDNA >=30 IU/ml) at baseline, n=321","SRI response at week 52 (>=4-point reduction in SELENA-SLEDAI, no new BILAG A/no more than 1 new BILAG B, no worsening in PGA >=0.3)",other,,,,0.006,321.0,retrospective biomarker,higher is better,True,True,"Belimumab + SOC response 46% vs placebo 29% in retrospectively defined serologically active subset; no single effect estimate (RR/OR) reported in abstract, only proportions and p-value.",belimumab,19714615,2009,False
all randomly assigned patients with advanced NSCLC (previously treated),progression-free survival (independent review),HR,0.941,0.802,1.104,0.229 (one-sided log-rank),878.0,co-primary,lower is better,True,False,Median PFS 2.6 months in both arms; dacomitinib not superior to erlotinib in unselected population.,dacomitinib,25439691,2014,True
randomly assigned patients with KRAS wild-type tumours,progression-free survival (independent review),HR,1.022,0.834,1.253,0.587 (one-sided),519.0,co-primary,lower is better,False,False,"Median PFS 2.6 months in both arms (256 dacomitinib, 263 erlotinib); no significant difference.",dacomitinib,25439691,2014,True
"advanced NSCLC, previously treated, no prior HER-directed therapy (ITT)",Progression-free survival,HR,0.66,0.47,0.91,.012,188.0,primary,lower is better,True,True,Dacomitinib vs erlotinib; primary endpoint of the trial.,dacomitinib,22753918,2012,True
KRAS wild-type tumors,Progression-free survival,HR,0.55,0.35,0.85,.006,,unspecified subgroup,lower is better,True,True,"Dacomitinib vs erlotinib; subgroup analysis, prespecified/post hoc status not stated in abstract.",dacomitinib,22753918,2012,True
KRAS wild-type/EGFR wild-type tumors,Progression-free survival,HR,0.61,0.37,0.99,.043,,unspecified subgroup,lower is better,True,True,"Dacomitinib vs erlotinib; subgroup analysis, prespecified/post hoc status not stated in abstract.",dacomitinib,22753918,2012,True
"advanced NSCLC, previously treated, no prior HER-directed therapy (ITT)",Overall survival,HR,0.8,0.56,1.13,.205,,secondary,lower is better,True,False,"Dacomitinib vs erlotinib; secondary endpoint, CI crosses 1 and p>0.05.",dacomitinib,22753918,2012,True
"Previously untreated advanced (stage IIIB/IV) NSCLC, assessable patients (n=1,059)",Overall survival (OS),HR,0.99,0.86,1.16,.95,1059.0,primary,lower is better,True,False,"Median OS 10.6 mo (erlotinib) vs 10.5 mo (placebo); HR near null, CI crosses 1, primary endpoint not met.",erlotinib,16043829,2005,True
"Previously untreated advanced (stage IIIB/IV) NSCLC, assessable patients (n=1,059)",Objective response (OR),other,,,,,1059.0,secondary,higher is better,False,False,Abstract states 'no difference in OR' between arms; no numeric estimate given.,erlotinib,16043829,2005,False
"Previously untreated advanced (stage IIIB/IV) NSCLC, assessable patients (n=1,059)",Time to progression (TTP),other,,,,,1059.0,secondary,lower is better,False,False,Abstract states 'no difference in ... median TTP' between arms; no numeric estimate given.,erlotinib,16043829,2005,False
Never-smokers (72 erlotinib; 44 placebo),Overall survival (OS),other,,,,,116.0,prespecified subgroup,higher is better,True,,Median OS 22.5 mo (erlotinib) vs 10.1 mo (placebo) in never-smokers; described among 'prespecified factors' but no HR/CI/p reported. Abstract notes no other prespecified factor showed an OS advantage.,erlotinib,16043829,2005,False
overall population,overall survival,HR,,,,,,primary,lower is better,False,False,"Abstract states erlotinib + carboplatin/paclitaxel 'did not meet its primary end point of improved survival in the overall population'; no numeric HR, CI, or p-value given in this evaluation article.",erlotinib,16556072,2006,False
never-smokers subset,survival,HR,,,,,,unspecified subgroup,lower is better,True,,"Abstract reports 'a striking survival benefit' in never-smokers but gives no HR, CI, p-value, or n, and does not state whether this subgroup analysis was prespecified or post hoc.",erlotinib,16556072,2006,False
Overall ITT population (refractory/intolerant advanced NSCLC),Overall survival,HR,0.89,0.77,1.02,0.087,1692.0,primary,lower is better,True,False,"Median survival 5.6 mo (gefitinib) vs 5.1 mo (placebo); primary endpoint, did not reach statistical significance.",gefitinib,16257339,2005 Oct 29-Nov 4,True
Patients with adenocarcinoma histology,Overall survival,HR,0.84,0.68,1.03,0.089,812.0,co-primary,lower is better,True,False,"Median survival 6.3 mo (gefitinib) vs 5.4 mo (placebo); co-primary endpoint population, not significant.",gefitinib,16257339,2005 Oct 29-Nov 4,True
Never-smokers,Overall survival,HR,0.67,0.49,0.92,0.012,375.0,prespecified subgroup,lower is better,True,True,Preplanned subgroup analysis; median survival 8.9 mo vs 6.1 mo.,gefitinib,16257339,2005 Oct 29-Nov 4,True
Patients of Asian origin,Overall survival,HR,0.66,0.48,0.91,0.01,342.0,prespecified subgroup,lower is better,True,True,Preplanned subgroup analysis; median survival 9.5 mo vs 5.5 mo.,gefitinib,16257339,2005 Oct 29-Nov 4,True
Overall ISEL population (refractory advanced NSCLC),Overall survival,HR,,,,,1692.0,primary,lower is better,False,False,Abstract states no statistically significant difference in survival between gefitinib and placebo in overall population; no HR/CI/p reported for this comparison.,gefitinib,17409969,2006,False
Never-smokers subgroup,Overall survival,HR,,,,,,prespecified subgroup,lower is better,True,True,"Preplanned subgroup analysis; abstract states 'significant survival benefit' in never-smokers but gives no numeric HR, CI, or p-value.",gefitinib,17409969,2006,False
"Patients of Asian origin (n=342; 235 gefitinib, 107 placebo)",Overall survival,HR,0.66,0.48,0.91,0.010,342.0,prespecified subgroup,lower is better,True,True,"Median survival 9.5 vs 5.5 months, gefitinib vs placebo.",gefitinib,17409969,2006,True
"Patients of Asian origin (n=342; 235 gefitinib, 107 placebo)",Time to treatment failure,HR,0.69,0.52,0.91,0.0084,342.0,prespecified subgroup,lower is better,True,True,"Median time to treatment failure 4.4 vs 2.2 months, gefitinib vs placebo.",gefitinib,17409969,2006,True
"Patients of Asian origin (n=342; 235 gefitinib, 107 placebo)",Objective response rate,other,,,,,342.0,prespecified subgroup,higher is better,True,,"Objective response rate reported as 12% (gefitinib) vs 2% (placebo); no ratio, CI, or p-value given, so no numeric effect estimate extracted.",gefitinib,17409969,2006,False
"Subjects with refractory eosinophilic asthma and history of recurrent severe exacerbations (mepolizumab n=29, placebo n=32)",Number of severe exacerbations per subject over 50-week treatment phase,RR,0.57,0.32,0.92,0.02,61.0,primary,lower is better,True,True,Mean exacerbations per subject: 2.0 (mepolizumab) vs 3.4 (placebo),mepolizumab,19264686,2009,True
"Subjects with refractory eosinophilic asthma and history of recurrent severe exacerbations (mepolizumab n=29, placebo n=32)",Change in Asthma Quality of Life Questionnaire (AQLQ) score from baseline,MD,0.35,0.08,0.62,0.02,61.0,secondary,higher is better,True,True,Mean increase from baseline: 0.55 (mepolizumab) vs 0.19 (placebo),mepolizumab,19264686,2009,True
"Subjects with refractory eosinophilic asthma and history of recurrent severe exacerbations (mepolizumab n=29, placebo n=32)",Blood eosinophil count,other,,,,<0.001,61.0,secondary,lower is better,True,True,Mepolizumab significantly lowered blood eosinophil counts; no numeric estimate reported,mepolizumab,19264686,2009,False
"Subjects with refractory eosinophilic asthma and history of recurrent severe exacerbations (mepolizumab n=29, placebo n=32)",Sputum eosinophil count,other,,,,0.002,61.0,secondary,lower is better,True,True,Mepolizumab significantly lowered sputum eosinophil counts; no numeric estimate reported,mepolizumab,19264686,2009,False
"Subjects with refractory eosinophilic asthma and history of recurrent severe exacerbations (mepolizumab n=29, placebo n=32)",Asthma symptoms,other,,,,,61.0,secondary,higher is better,False,False,No significant difference between groups with respect to symptoms; no numeric estimate reported,mepolizumab,19264686,2009,False
"Subjects with refractory eosinophilic asthma and history of recurrent severe exacerbations (mepolizumab n=29, placebo n=32)",FEV1 after bronchodilator use,other,,,,,61.0,secondary,higher is better,False,False,No significant difference between groups; no numeric estimate reported,mepolizumab,19264686,2009,False
"Subjects with refractory eosinophilic asthma and history of recurrent severe exacerbations (mepolizumab n=29, placebo n=32)",Airway hyperresponsiveness,other,,,,,61.0,secondary,lower is better,False,False,No significant difference between groups; no numeric estimate reported,mepolizumab,19264686,2009,False
"Platinum-sensitive relapsed high-grade serous ovarian cancer patients (overall trial population, ≥2 prior platinum-based regimens, partial/complete response to most recent platinum regimen)",Progression-free survival,HR,0.35,0.25,0.49,<0.001,265.0,primary,lower is better,True,True,Primary endpoint; median PFS 8.4 months (olaparib) vs 4.8 months (placebo) from randomization on completion of chemotherapy.,olaparib,22452356,2012,True
Platinum-sensitive relapsed high-grade serous ovarian cancer patients (overall trial population),Overall survival,HR,0.94,0.63,1.39,0.75,265.0,secondary,lower is better,False,False,Interim analysis at 38% maturity (38% of patients had died); no significant difference between groups.,olaparib,22452356,2012,True
"Advanced hepatocellular carcinoma, intention-to-treat, previously treated with sorafenib",Overall survival,HR,0.87,0.72,1.05,0.14,565.0,primary,lower is better,True,False,"Median OS 9.2 months (ramucirumab) vs 7.6 months (placebo); ITT population, N=283 ramucirumab + 282 placebo = 565; primary endpoint not significantly improved.",ramucirumab,26095784,2015,True
Study 006: IPF patients randomised to pirfenidone 2403 mg/day or placebo (n=344),Change in percentage predicted FVC at week 72,MD,0.6,-3.5,4.7,0.501,344.0,primary,higher is better,True,False,"Mean FVC change -9.0% (SD 19.6) pirfenidone vs -9.6% (SD 19.1) placebo at week 72; difference 0.6%, 95% CI -3.5 to 4.7; primary endpoint not met.",pirfenidone,21571362,2011,True
Study 006: IPF patients randomised to pirfenidone 2403 mg/day or placebo (n=344),FVC change effect through week 48,other,,,,0.005,344.0,secondary,higher is better,True,True,Abstract states 'a consistent pirfenidone effect was apparent until week 48 (p=0.005)'; no numeric estimate or CI given.,pirfenidone,21571362,2011,False
Study 006: IPF patients randomised to pirfenidone 2403 mg/day or placebo (n=344),"FVC change, analysis over all study timepoints",other,,,,0.007,344.0,secondary,higher is better,True,True,Abstract reports a significant pirfenidone effect 'in an analysis of all study timepoints (p=0.007)' for study 006; no numeric estimate or CI given.,pirfenidone,21571362,2011,False
All randomized IPF patients (ITT),Change from baseline to 6 months in lowest SpO2 during 6-minute exercise test,MD,,,,0.0722,107.0,primary,higher is better,False,False,"Primary endpoint reported as not significant between pirfenidone and placebo; no effect estimate given, only p-value.",pirfenidone,15665326,2005,False
Prespecified subset maintaining SpO2 >80% during 6-minute exercise test at baseline,Lowest SpO2 during 6-minute exercise test at 6 months,other,,,,0.0069,,prespecified subgroup,higher is better,True,True,Improvement in pirfenidone group in prespecified subset; no numeric effect estimate reported.,pirfenidone,15665326,2005,False
Prespecified subset maintaining SpO2 >80% during 6-minute exercise test at baseline,Lowest SpO2 during 6-minute exercise test at 9 months,other,,,,0.0305,,prespecified subgroup,higher is better,True,True,Improvement in pirfenidone group in prespecified subset; no numeric effect estimate reported.,pirfenidone,15665326,2005,False
All randomized IPF patients (ITT),Change in vital capacity (VC) at 9 months,MD,,,,0.0366,,secondary,higher is better,True,True,"Positive treatment effect on VC change; no numeric effect estimate reported, only p-value.",pirfenidone,15665326,2005,False
All randomized IPF patients (ITT),Acute exacerbation of IPF during 9 months,other,,,,0.0031,,secondary,lower is better,True,True,"Acute exacerbations occurred exclusively in placebo group; no numeric effect estimate (e.g., RR) reported, only p-value.",pirfenidone,15665326,2005,False
"Previously untreated patients with stage IV non-squamous NSCLC (ITT, n=633: necitumumab+pemetrexed+cisplatin n=315 vs pemetrexed+cisplatin n=318)",Overall survival,HR,1.01,0.84,1.21,0.96,633.0,primary,lower is better,False,False,"Primary endpoint (overall survival) not met; median OS 11.3 months (necitumumab+pemetrexed+cisplatin) vs 11.5 months (pemetrexed+cisplatin); HR 1.01 (95% CI 0.84-1.21), p=0.96, no significant difference between groups.",necitumumab,25701171,2015,True
"Second-line NSCLC, adenocarcinoma histology (LUME-Lung 1 subgroup referenced in this NMA)",Overall survival,HR,,,,,,unspecified subgroup,lower is better,True,True,"This abstract is a network meta-analysis, not the LUME-Lung 1 trial report itself. It only states that nintedanib+docetaxel 'has proven an overall survival benefit over docetaxel monotherapy' in the adenocarcinoma histology population of LUME-Lung 1, without giving a numeric HR, CI, or p-value. The quantitative results in this abstract (70%/16%/10%/3% probability-of-best-treatment for OS, and similar for PFS) are network meta-analysis outputs pooling nine studies, not LUME-Lung 1-specific estimates, so per instructions they are excluded from this extraction.",nintedanib,25478720,2015,False
ITT population with stage IIIB/IV recurrent NSCLC progressing after first-line chemotherapy (docetaxel+nintedanib n=655 vs docetaxel+placebo n=659),Progression-free survival (independent central review),HR,0.79,0.68,0.92,0.0019,1314.0,primary,lower is better,True,True,"Primary endpoint, ITT analysis after 714 PFS events; median PFS 3.4 vs 2.7 months.",nintedanib,24411639,2014,True
"Adenocarcinoma histology, progressed within 9 months of starting first-line therapy (nintedanib n=206 vs placebo n=199)",Overall survival,HR,0.75,0.6,0.92,0.0073,405.0,prespecified subgroup,lower is better,True,True,First step of prespecified stepwise key secondary endpoint (OS) testing hierarchy; median OS 10.9 vs 7.9 months.,nintedanib,24411639,2014,True
All patients with adenocarcinoma histology (nintedanib n=322 vs placebo n=336),Overall survival,HR,0.83,0.7,0.99,0.0359,658.0,prespecified subgroup,lower is better,True,True,Second step of prespecified stepwise key secondary endpoint (OS) testing hierarchy; median OS 12.6 vs 10.3 months.,nintedanib,24411639,2014,True
"Total study population, ITT (nintedanib n=655 vs placebo n=659)",Overall survival,HR,0.94,0.83,1.05,0.2720,1314.0,secondary,lower is better,True,False,"Third/final step of prespecified stepwise key secondary endpoint (OS) analysis in all patients, analysed by ITT after 1121 OS events; median OS 10.1 vs 9.1 months; not statistically significant.",nintedanib,24411639,2014,True
"Patients with acute coronary syndromes without ST-segment elevation (vorapaxar vs placebo, on top of standard therapy)","Composite of death from cardiovascular causes, myocardial infarction, stroke, recurrent ischemia with rehospitalization, or urgent coronary revascularization",HR,0.92,0.85,1.01,0.07,12944.0,primary,lower is better,True,False,Primary composite endpoint; trial stopped early after safety review; not statistically significant.,vorapaxar,22077816,2012,True
"Patients with acute coronary syndromes without ST-segment elevation (vorapaxar vs placebo, on top of standard therapy)","Composite of death from cardiovascular causes, myocardial infarction, or stroke",HR,0.89,0.81,0.98,0.02,12944.0,secondary,lower is better,True,True,Reported as a distinct composite outcome (not explicitly labeled 'secondary' in abstract but presented alongside the primary endpoint).,vorapaxar,22077816,2012,True
"Patients with acute coronary syndromes without ST-segment elevation (vorapaxar vs placebo, on top of standard therapy)",Moderate or severe bleeding,HR,1.35,1.16,1.58,<0.001,12944.0,secondary,lower is better,False,True,Safety outcome; higher rate with vorapaxar indicates increased bleeding risk.,vorapaxar,22077816,2012,True
"Patients with acute coronary syndromes without ST-segment elevation (vorapaxar vs placebo, on top of standard therapy)",Intracranial hemorrhage,HR,3.39,1.78,6.45,<0.001,12944.0,secondary,lower is better,False,True,Safety outcome; markedly increased risk with vorapaxar.,vorapaxar,22077816,2012,True
"EMERGE trial: early Alzheimer's disease (MCI due to AD or mild AD dementia), n=1638, high-dose aducanumab vs placebo",CDR-SB change from baseline to week 78,MD,-0.39,-0.69,-0.09,.012,1638.0,primary,lower is better,True,True,Primary endpoint met in EMERGE; reported as 22% decrease vs placebo for high-dose aducanumab,aducanumab,35542991,2022,True
"ENGAGE trial: early Alzheimer's disease (MCI due to AD or mild AD dementia), n=1647, high-dose aducanumab vs placebo",CDR-SB change from baseline to week 78,MD,0.03,-0.26,0.33,.833,1647.0,primary,lower is better,False,False,Primary endpoint not met in ENGAGE; reported as 2% increase vs placebo for high-dose aducanumab,aducanumab,35542991,2022,True
EMERGE trial: early Alzheimer's disease (MCI due to AD or mild AD dementia),"Secondary/tertiary clinical endpoints (cognition, function, behavior)",other,,,,,,secondary,lower is better,True,True,Abstract states 'statistically significant change across all four primary and secondary clinical endpoints' for EMERGE; no individual numeric estimates reported,aducanumab,35542991,2022,False
ENGAGE trial: early Alzheimer's disease (MCI due to AD or mild AD dementia),Secondary clinical endpoints,other,,,,,,secondary,lower is better,False,False,Abstract states ENGAGE 'did not meet its primary or secondary endpoints'; no individual numeric estimates reported,aducanumab,35542991,2022,False
"males ≥71y nm-dystrophinopathy, ataluren 10/10/20mg/kg (N=57) vs placebo (N=57)",6MWD change at week 48,MD,31.3,,,0.056,114.0,primary,higher is better,True,False,post hoc p-value for primary endpoint,ataluren,25042182,2014,True
"males ≥71y nm-dystrophinopathy, ataluren 20/20/40mg/kg (N=60) vs placebo (N=57)",6MWD change at week 48,MD,,,,,117.0,primary,higher is better,False,False,"primary endpoint not met, no number given",ataluren,25042182,2014,False
"males ≥71y nm-dystrophinopathy, ataluren 10/10/20mg/kg vs placebo",timed function tests,other,,,,,,secondary,lower is better,True,,"meaningful differences reported, no numbers given",ataluren,25042182,2014,False
nonsquamous NSCLC (ITT),overall survival,HR,0.9,0.78,1.04,.14,1090.0,primary,lower is better,True,False,Primary OS not significantly improved,motesanib,22753922,2012,True
adenocarcinoma subset,overall survival,HR,0.88,0.75,1.03,.11,890.0,co-primary,lower is better,True,False,Co-primary OS not significant in adenocarcinoma,motesanib,22753922,2012,True
nonsquamous NSCLC (ITT),progression-free survival,other,,,,<.001,1090.0,secondary,higher is better,True,True,Descriptive analysis; medians 5.6 vs 5.4 mo,motesanib,22753922,2012,False
nonsquamous NSCLC (ITT),objective response rate,other,,,,<.001,,secondary,higher is better,True,True,"ORR 40% vs 26%, descriptive",motesanib,22753922,2012,False
arm A (motesanib) patients,PLGF change association with OS,other,,,,,,prespecified biomarker,lower is better,,False,No association found between PLGF change and OS,motesanib,22753922,2012,False
HFrEF EF≤35% (overall trial population),time-to-first HF event or CV death (PCE),HR,,,,,8256.0,primary,lower is better,True,True,"Primary endpoint significantly reduced overall, no HR given",omecamtiv mecarbil,34015475,2021,False
EF ≤22% (lowest quartile),time-to-first HF event or CV death (PCE),HR,0.83,0.73,0.95,,2246.0,prespecified subgroup,lower is better,True,True,17% relative risk reduction in lowest EF quartile,omecamtiv mecarbil,34015475,2021,True
EF ≥33% (highest quartile),time-to-first HF event or CV death (PCE),HR,0.99,0.84,1.16,,1750.0,prespecified subgroup,lower is better,True,False,No significant benefit in highest EF quartile,omecamtiv mecarbil,34015475,2021,True
EF ≤22% (lowest quartile),time-to-first HF event or CV death (PCE),RD,7.4,,,,2246.0,prespecified subgroup,higher is better,True,,ARR 7.4 events/100 patient-yrs; NNT 11.8 over 3y,omecamtiv mecarbil,34015475,2021,True
patients with HFrEF,cardiovascular death,HR,,,,,,primary,lower is better,True,,"Abstract claims reduced CV death risk, no numeric data given",omecamtiv mecarbil,34628401,2021,False
patients with HFrEF,heart failure symptom severity,other,,,,,,secondary,lower is better,True,,"Claimed symptom reduction, no numeric data given",omecamtiv mecarbil,34628401,2021,False
patients with HFrEF,myocardial contractile function,other,,,,,,secondary,higher is better,True,,"Claimed contractility improvement, no numeric data given",omecamtiv mecarbil,34628401,2021,False
"Mild AD (baseline MMSE 20-26), 800mg tarenflurbil vs placebo",ADCS-ADL slope,MD,3.98,0.33,7.62,0.033,,prespecified subgroup,higher is better,True,True,less ADL decline with 800mg in mild AD,tarenflurbil,18450517,2008,True
"Mild AD (baseline MMSE 20-26), 800mg tarenflurbil vs placebo",CDR-sb slope,MD,-0.8,-1.57,-0.03,0.042,,prespecified subgroup,lower is better,True,True,less global decline with 800mg in mild AD,tarenflurbil,18450517,2008,True
"Mild AD (baseline MMSE 20-26), 800mg tarenflurbil vs placebo",ADAS-cog slope,MD,-1.36,-4.07,1.36,0.327,,prespecified subgroup,lower is better,True,False,cognitive decline not significantly slowed,tarenflurbil,18450517,2008,True
"Moderate AD (baseline MMSE 15-19), 800mg tarenflurbil vs placebo",ADCS-ADL,MD,,,,,,prespecified subgroup,higher is better,False,False,no significant effect reported,tarenflurbil,18450517,2008,False
"Moderate AD (baseline MMSE 15-19), 800mg tarenflurbil vs placebo",ADAS-cog,MD,,,,,,prespecified subgroup,lower is better,False,False,no significant effect reported,tarenflurbil,18450517,2008,False
"Moderate AD (baseline MMSE 15-19), 800mg tarenflurbil vs placebo",CDR-sb,other,-52.0,,,0.003,,prespecified subgroup,lower is better,False,True,"negative effect vs placebo, Cohen's d -1.08",tarenflurbil,18450517,2008,True
"Mild AD, 800mg tarenflurbil 24mo vs placebo0-12/tarenflurbil12-24","ADAS-cog, ADCS-ADL, CDR-sb",other,,,,<0.001,,exploratory subgroup,lower is better,True,True,"lower decline across all three outcomes, 24-month extension",tarenflurbil,18450517,2008,False
"Mild AD, 800mg tarenflurbil 24mo vs placebo0-12/800mg12-24","ADAS-cog, ADCS-ADL, CDR-sb",other,,,,<0.05,,exploratory subgroup,lower is better,True,True,better outcomes with earlier tarenflurbil start,tarenflurbil,18450517,2008,False
type 2 diabetes mellitus and stage 4 CKD (eGFR 15-<30),ESRD or cardiovascular death (primary composite),HR,0.98,0.7,1.37,0.92,2185.0,primary,lower is better,True,False,trial stopped early; no benefit shown,bardoxolone methyl,24206459,2013,True
type 2 diabetes mellitus and stage 4 CKD (eGFR 15-<30),hospitalization or death from heart failure,HR,1.83,1.32,2.55,<0.001,2185.0,secondary,lower is better,False,True,higher heart failure risk with bardoxolone,bardoxolone methyl,24206459,2013,True
"BEACON: T2DM + stage 4 CKD, overall",heart failure events (adverse CV events),other,,,,,2185.0,secondary,lower is better,False,,Increase in HF events led to trial termination; no number given,bardoxolone methyl,24903467,2014,False
BEACON substudy subset (24-hr urine collection),urine volume change at week 4 vs baseline,MD,,,,<0.05,,post hoc subgroup,higher is better,False,True,Clinically meaningful reduction in urine volume with bardoxolone,bardoxolone methyl,24903467,2014,False
BEACON substudy subset (24-hr urine collection),urinary sodium excretion change at week 4 vs baseline,MD,,,,<0.05,,post hoc subgroup,higher is better,False,True,"Reduced sodium excretion vs baseline, additional analysis explaining AEs",bardoxolone methyl,24903467,2014,False
ITT SLE patients (belimumab combined vs placebo),% change SELENA-SLEDAI at week 24,other,,,,,449.0,co-primary,lower is better,True,False,19.5% vs 17.2% reduction; not significant,belimumab,19714604,2009,False
ITT SLE patients (belimumab combined vs placebo),time to first SLE flare,other,,,,,449.0,co-primary,higher is better,False,False,median 67 vs 83 days; not significant,belimumab,19714604,2009,False
ITT SLE patients (belimumab combined vs placebo),"time to first SLE flare, weeks 24-52",other,,,,0.0361,449.0,secondary,higher is better,True,True,median 154 vs 108 days,belimumab,19714604,2009,False
serologically active subgroup (71.5%),% change SELENA-SLEDAI at week 52,other,,,,0.0435,,unspecified subgroup,lower is better,True,True,-28.8% vs -14.2%,belimumab,19714604,2009,False
serologically active subgroup (71.5%),physician's global assessment at week 52,other,,,,0.0011,,unspecified subgroup,lower is better,True,True,-32.7% vs -10.7%,belimumab,19714604,2009,False
serologically active subgroup (71.5%),SF-36 physical component score at week 52,MD,,,,0.0410,,unspecified subgroup,higher is better,True,True,+3.0 vs +1.2 points,belimumab,19714604,2009,False
belimumab-treated patients,anti-dsDNA titer reduction by week 52,other,29.4,,,0.0017,,secondary,lower is better,True,True,29.4% reduction in anti-dsDNA titers,belimumab,19714604,2009,True
belimumab-treated patients,"CD20+ B cell subset reduction (naive, activated, plasmacytoid)",other,,,,,,secondary,lower is better,True,,63-71% reduction across B cell subsets,belimumab,19714604,2009,False
"EGFR-mutant NSCLC, all treatment arms",overall survival,other,,,,<.001,,retrospective biomarker,higher is better,False,True,Prognostic for survival regardless of erlotinib treatment,erlotinib,16043828,2005,False
"EGFR-mutant, erlotinib+chemo treated",response rate,other,,,,<.05,,retrospective biomarker,higher is better,True,True,Improved response rate with erlotinib in EGFR-mutant tumors,erlotinib,16043828,2005,False
"EGFR-mutant, erlotinib+chemo treated",time to progression,other,,,,.092,,retrospective biomarker,higher is better,True,False,"Trend toward erlotinib benefit on TTP, not significant",erlotinib,16043828,2005,False
"EGFR-mutant, erlotinib+chemo treated",overall survival,other,,,,.96,,retrospective biomarker,higher is better,False,False,No survival benefit from erlotinib in EGFR-mutant subset,erlotinib,16043828,2005,False
"KRAS-mutant, erlotinib+chemo treated",time to progression,other,,,,,,retrospective biomarker,higher is better,False,True,KRAS mutation linked to significantly decreased TTP,erlotinib,16043828,2005,False
"KRAS-mutant, erlotinib+chemo treated",overall survival,other,,,,,,retrospective biomarker,higher is better,False,True,KRAS mutation linked to significantly decreased survival,erlotinib,16043828,2005,False
EGFR high gene copy number (FISH),overall survival,HR,0.61,,,,370.0,retrospective biomarker,lower is better,True,,gefitinib benefit in high copy number subgroup,gefitinib,17075123,2006,True
EGFR low gene copy number (FISH),overall survival,HR,1.16,,,,370.0,retrospective biomarker,lower is better,False,,no gefitinib benefit in low copy number subgroup,gefitinib,17075123,2006,True
EGFR high vs low copy number,overall survival (HR comparison),other,,,,.045,370.0,retrospective biomarker,lower is better,True,True,interaction test; copy number predicts gefitinib benefit,gefitinib,17075123,2006,False
EGFR protein expression positive (IHC),overall survival,HR,0.77,,,,379.0,retrospective biomarker,lower is better,True,,gefitinib benefit in EGFR-positive subgroup,gefitinib,17075123,2006,True
EGFR protein expression negative (IHC),overall survival,HR,1.57,,,,379.0,retrospective biomarker,lower is better,False,,no gefitinib benefit in EGFR-negative subgroup,gefitinib,17075123,2006,True
EGFR protein expression high vs low,overall survival (HR comparison),other,,,,.049,379.0,retrospective biomarker,lower is better,True,True,interaction test; protein expression predicts gefitinib benefit,gefitinib,17075123,2006,False
EGFR mutation-positive vs wild-type,objective response rate,other,,,,,215.0,retrospective biomarker,higher is better,True,,37.5% vs 2.6% response; survival data insufficient,gefitinib,17075123,2006,False
p-Akt protein expression,overall survival,other,,,,,382.0,retrospective biomarker,lower is better,False,False,no relationship observed between p-Akt and survival,gefitinib,17075123,2006,False
KRAS mutation,clinical outcome,other,,,,,152.0,retrospective biomarker,lower is better,False,,insufficient data for meaningful evaluation,gefitinib,17075123,2006,False
BRAF mutation,clinical outcome,other,,,,,118.0,retrospective biomarker,lower is better,False,,insufficient data for meaningful evaluation,gefitinib,17075123,2006,False
BRCA-mutated,progression-free survival,HR,0.18,0.1,0.31,<0.0001,136.0,prespecified biomarker,lower is better,True,True,Preplanned retrospective BRCA-mutant subgroup PFS analysis,olaparib,24882434,2014,True
BRCA wild-type,progression-free survival,HR,0.54,0.34,0.85,0.0075,118.0,prespecified biomarker,lower is better,True,True,Preplanned retrospective wild-type BRCA subgroup PFS analysis,olaparib,24882434,2014,True
overall,overall survival,HR,0.88,0.64,1.21,0.44,265.0,secondary,lower is better,True,False,"Second interim OS analysis, 58% maturity",olaparib,24882434,2014,True
BRCA-mutated,overall survival,HR,0.73,0.45,1.17,0.19,136.0,prespecified biomarker,lower is better,True,False,"OS in BRCA-mutant subgroup, second interim analysis",olaparib,24882434,2014,True
BRCA wild-type,overall survival,HR,0.99,0.63,1.55,0.96,118.0,prespecified biomarker,lower is better,True,False,"OS in wild-type BRCA subgroup, second interim analysis",olaparib,24882434,2014,True
ITT asymptomatic metastatic HRPC (n=127),time to disease progression (TTP),HR,1.45,0.99,2.11,.052,127.0,primary,higher is better,True,False,"primary endpoint, not significant",sipuleucel-T,16809734,2006,True
ITT asymptomatic metastatic HRPC (n=127),overall survival,HR,1.7,1.13,2.56,.01,127.0,secondary,higher is better,True,True,"log-rank test, median 25.9 vs 21.4 mo",sipuleucel-T,16809734,2006,True
"ITT asymptomatic metastatic HRPC, Cox-adjusted (n=127)",overall survival,HR,2.12,1.31,3.44,.002,127.0,secondary,higher is better,True,True,multivariable Cox adjusting for prognostic factors,sipuleucel-T,16809734,2006,True
ITT asymptomatic metastatic HRPC,T-cell stimulation ratio at 8 weeks vs pretreatment,other,8.0,,,<.001,,secondary,higher is better,True,True,"eight-fold higher stimulation index, 16.9 vs 1.99",sipuleucel-T,16809734,2006,True
faster-progression subgroup (primary analysis),ALSFRS-R change to week 28,MD,1.2,-3.2,5.5,0.97,60.0,primary,higher is better,True,False,"CI crosses 0, not significant",tofersen,36129998,2022,True
overall trial population,secondary clinical end points,other,,,,,,secondary,higher is better,False,False,"No significant difference reported, no numbers given",tofersen,36129998,2022,False
"open-label extension, early- vs delayed-start",ALSFRS-R change at 52 weeks,MD,3.5,0.4,6.7,,95.0,exploratory subgroup,higher is better,True,True,Non-multiplicity-adjusted comparison,tofersen,36129998,2022,True
PPMS patients (overall),time to confirmed disease progression (CDP),other,,,,0.14,439.0,primary,lower is better,True,False,96-wk CDP rates 38.5% placebo vs 30.2% rituximab,ocrelizumab (after rituximab),19847908,2009,False
PPMS patients (overall),T2 lesion volume change (baseline to wk96),other,,,,<0.001,,secondary,lower is better,True,True,Rituximab had less increase in T2 lesion volume,ocrelizumab (after rituximab),19847908,2009,False
PPMS patients (overall),total brain volume change (baseline to wk96),other,,,,0.62,,secondary,higher is better,False,False,Brain volume change similar between groups,ocrelizumab (after rituximab),19847908,2009,False
age <51 years,time to CDP,HR,0.52,,,0.010,,unspecified subgroup,lower is better,True,True,CDP delayed with rituximab in younger patients,ocrelizumab (after rituximab),19847908,2009,True
gadolinium-enhancing lesions,time to CDP,HR,0.41,,,0.007,,unspecified subgroup,lower is better,True,True,CDP delayed with rituximab in Gd+ lesion subgroup,ocrelizumab (after rituximab),19847908,2009,True
age <51 years with Gd-enhancing lesions,time to CDP,HR,0.33,,,0.009,,unspecified subgroup,lower is better,True,True,Largest CDP delay in younger Gd+ subgroup,ocrelizumab (after rituximab),19847908,2009,True
"advanced NSCLC, adenocarcinoma histology",overall survival,HR,,,,,,primary,lower is better,True,True,"Significant OS advantage reported, no numeric HR given",nintedanib,25534294,2015,False
overall study population,time to deterioration of global health status/QoL,HR,,,,,,secondary,lower is better,False,False,No significant difference between arms,nintedanib,25534294,2015,False
adenocarcinoma population,time to deterioration of global health status/QoL,HR,,,,,,prespecified subgroup,lower is better,False,False,No significant difference between arms,nintedanib,25534294,2015,False
overall study population,time to deterioration of cough,HR,,,,,,secondary,lower is better,False,False,"Prespecified PRO item, no significant difference",nintedanib,25534294,2015,False
adenocarcinoma population,time to deterioration of cough,HR,,,,,,prespecified subgroup,lower is better,False,False,"Prespecified PRO item, no significant difference",nintedanib,25534294,2015,False
overall study population,time to deterioration of dyspnoea,HR,,,,,,secondary,lower is better,False,False,"Prespecified PRO item, no significant difference",nintedanib,25534294,2015,False
adenocarcinoma population,time to deterioration of dyspnoea,HR,,,,,,prespecified subgroup,lower is better,False,False,"Prespecified PRO item, no significant difference",nintedanib,25534294,2015,False
overall study population,time to deterioration of pain,HR,,,,,,secondary,lower is better,False,False,"Prespecified PRO item, no significant difference",nintedanib,25534294,2015,False
adenocarcinoma population,time to deterioration of pain,HR,,,,,,prespecified subgroup,lower is better,False,False,"Prespecified PRO item, no significant difference",nintedanib,25534294,2015,False
overall study population,time to deterioration of gastrointestinal events,HR,,,,,,secondary,lower is better,False,,Shorter with nintedanib vs placebo; significance not stated,nintedanib,25534294,2015,False
adenocarcinoma population,cough symptom score (longitudinal),MD,,,,,,prespecified subgroup,lower is better,True,False,"Numerical difference favouring nintedanib, not significant",nintedanib,25534294,2015,False
adenocarcinoma population,pain symptom scale (longitudinal),MD,,,,,,prespecified subgroup,lower is better,True,False,"Numerical difference favouring nintedanib, not significant",nintedanib,25534294,2015,False
adenocarcinoma population,some pain items (longitudinal),MD,,,,,,prespecified subgroup,lower is better,True,True,Significant reduction in some pain items vs placebo,nintedanib,25534294,2015,False
overall study population,EQ-5D,MD,,,,,,secondary,higher is better,False,False,No significant difference between arms,nintedanib,25534294,2015,False
overall study population,EQ-VAS,MD,,,,,,secondary,higher is better,False,False,No significant difference between arms,nintedanib,25534294,2015,False
"ITT, q2w vs placebo",annual exacerbation rate (% change),other,6.0,-31.0,33.0,0.709,301.0,primary,higher is better,True,False,positive=decrease in rate,tralokinumab,26231288,2015,True
"ITT, q4w vs placebo",annual exacerbation rate (% change),other,-2.0,-46.0,29.0,0.904,302.0,primary,higher is better,False,False,negative=increase in rate,tralokinumab,26231288,2015,True
"ITT, q2w vs placebo",prebronchodilator FEV1 (% change),MD,7.3,2.6,12.0,0.003,301.0,secondary,higher is better,True,True,key secondary endpoint,tralokinumab,26231288,2015,True
"ITT, q4w vs placebo",prebronchodilator FEV1 (% change),MD,1.8,-2.9,6.6,0.448,302.0,secondary,higher is better,True,False,key secondary endpoint,tralokinumab,26231288,2015,True
"no OCS, FEV1 reversibility >=12%, q2w vs placebo",annual exacerbation rate (% change),other,44.0,-22.0,74.0,0.147,81.0,post hoc subgroup,higher is better,True,False,positive=decrease in rate,tralokinumab,26231288,2015,True
"no OCS, FEV1 reversibility >=12%, q2w vs placebo",prebronchodilator FEV1 (% change),MD,12.2,1.7,22.7,0.022,81.0,post hoc subgroup,higher is better,True,True,,tralokinumab,26231288,2015,True
"no OCS, FEV1 reversibility >=12%, q2w vs placebo",ACQ-6 change,MD,-0.55,-1.07,-0.04,0.036,81.0,post hoc subgroup,lower is better,True,True,,tralokinumab,26231288,2015,True
"no OCS, FEV1 reversibility >=12%, q2w vs placebo",AQLQ(S) change,MD,0.7,0.12,1.28,0.019,81.0,post hoc subgroup,higher is better,True,True,,tralokinumab,26231288,2015,True
